921,Calls,3180
922,Calls,3179
923,Calls,3181
924,Calls,3218
925,Calls,3219
926,Calls,3220
927,Calls,3221
928,Calls,2715
929,Calls,926
929,Calls,935
929,Calls,935
929,Calls,935
930,Calls,975
930,Calls,976
932,Calls,3235
933,Calls,3236
934,Calls,3237
935,Calls,934
936,Calls,3183
937,Calls,3182
938,Calls,3185
939,Calls,3184
940,Calls,3186
941,Calls,3187
942,Calls,3188
943,Calls,937
944,Calls,943
944,Calls,936
944,Calls,936
945,Calls,943
945,Calls,936
946,Calls,978
947,Calls,3212
948,Calls,3213
949,Calls,995
949,Calls,950
949,Calls,968
951,Calls,952
951,Calls,3243
951,Calls,3248
951,Calls,3211
952,Calls,3242
953,Calls,3247
954,Calls,3248
955,Calls,3247
955,Calls,3251
955,Calls,3211
956,Calls,3252
957,Calls,3244
958,Calls,3245
959,Calls,3246
960,Calls,961
960,Calls,3190
960,Calls,3190
961,Calls,3189
962,Calls,3191
963,Calls,3192
964,Calls,3193
965,Calls,3194
966,Calls,3195
967,Calls,3196
968,Calls,3238
969,Calls,3223
970,Calls,3222
971,Calls,3227
972,Calls,3231
973,Calls,3232
974,Calls,3228
975,Calls,3229
976,Calls,3230
977,Calls,3234
978,Calls,991
978,Calls,996
978,Calls,999
978,Calls,999
978,Calls,3204
980,Calls,978
980,Calls,981
980,Calls,2910
980,Calls,987
981,Calls,3239
981,Calls,3240
982,Calls,3202
983,Calls,995
983,Calls,978
984,Calls,995
984,Calls,978
988,Calls,990
989,Calls,3205
990,Calls,996
990,Calls,3205
990,Calls,991
991,Calls,2728
992,Calls,990
993,Calls,3241
993,Calls,3206
994,Calls,3207
995,Calls,3200
996,Calls,3197
997,Calls,3198
1001,Calls,1002
1007,Calls,3203
1007,Calls,2910
1008,Calls,3200
1008,Calls,1013
1008,Calls,1018
1008,Calls,999
1008,Calls,3217
1008,Calls,2910
1009,Calls,1008
1010,Calls,3215
1010,Calls,999
1010,Calls,3216
1010,Calls,1000
1010,Calls,1015
1011,Calls,3200
1011,Calls,1013
1011,Calls,1014
1011,Calls,1010
1011,Calls,978
1011,Calls,1012
1012,Calls,3216
1012,Calls,3217
1020,Calls,3208
1021,Calls,3210
1028,Calls,996
1028,Calls,1029
1028,Calls,2970
1028,Calls,2970
1031,Calls,996
1031,Calls,1032
1031,Calls,2970
1031,Calls,2970
1034,Calls,1035
1034,Calls,2970
1034,Calls,2970
1037,Calls,3255
1038,Calls,3254
1039,Calls,3253
1045,Calls,2715
1046,Calls,2715
1047,Calls,2715
1050,Calls,1045
1053,Calls,1054
1053,Calls,1468
1053,Calls,1151
1053,Calls,1157
1054,Calls,1152
1055,Calls,1056
1059,Calls,1060
1059,Calls,1061
1059,Calls,1062
1059,Calls,1063
1059,Calls,1064
1059,Calls,1065
1061,Calls,1066
1061,Calls,1068
1061,Calls,1069
1061,Calls,1070
1064,Calls,1068
1064,Calls,1069
1064,Calls,1071
1074,Calls,1143
1075,Calls,1076
1075,Calls,1163
1077,Calls,1078
1077,Calls,1557
1077,Calls,1544
1081,Calls,1041
1082,Calls,1083
1082,Calls,1163
1084,Calls,1085
1086,Calls,3259
1087,Calls,3258
1088,Calls,3260
1089,Calls,3261
1090,Calls,3262
1092,Calls,1096
1092,Calls,1098
1092,Calls,1097
1092,Calls,1101
1093,Calls,1096
1093,Calls,1098
1093,Calls,1097
1093,Calls,1099
1094,Calls,1459
1094,Calls,1106
1095,Calls,1102
1095,Calls,1104
1095,Calls,1103
1095,Calls,1105
1097,Calls,3263
1098,Calls,3264
1099,Calls,1100
1099,Calls,2970
1101,Calls,1466
1103,Calls,3265
1104,Calls,3266
1105,Calls,993
1106,Calls,1108
1106,Calls,1107
1108,Calls,1112
1108,Calls,1111
1108,Calls,1108
1108,Calls,1110
1108,Calls,1110
1108,Calls,1109
1109,Calls,1109
1110,Calls,1108
1110,Calls,1108
1110,Calls,1108
1113,Calls,1115
1114,Calls,1115
1118,Calls,1114
1121,Calls,1114
1122,Calls,1124
1122,Calls,1123
1122,Calls,1125
1124,Calls,1223
1125,Calls,1215
1129,Calls,1128
1129,Calls,1130
1129,Calls,1203
1129,Calls,3300
1129,Calls,1130
1129,Calls,2617
1131,Calls,2617
1132,Calls,2617
1133,Calls,1135
1134,Calls,1135
1143,Calls,1151
1143,Calls,1161
1144,Calls,3305
1145,Calls,3304
1146,Calls,3304
1146,Calls,3272
1147,Calls,3276
1148,Calls,3276
1149,Calls,3277
1150,Calls,3277
1151,Calls,1153
1151,Calls,1156
1151,Calls,1155
1151,Calls,1154
1151,Calls,1162
1151,Calls,1196
1152,Calls,1197
1152,Calls,1162
1153,Calls,3314
1154,Calls,3307
1156,Calls,2643
1156,Calls,2816
1157,Calls,1209
1157,Calls,1256
1157,Calls,1274
1157,Calls,1303
1157,Calls,1158
1157,Calls,1463
1157,Calls,1158
1157,Calls,1463
1159,Calls,1157
1160,Calls,1161
1161,Calls,1209
1161,Calls,1227
1161,Calls,1232
1161,Calls,1229
1161,Calls,1303
1161,Calls,1463
1162,Calls,1192
1162,Calls,1162
1165,Calls,3275
1165,Calls,3271
1166,Calls,2744
1181,Calls,3273
1182,Calls,3274
1185,Calls,3306
1186,Calls,3283
1187,Calls,3282
1188,Calls,3281
1189,Calls,3280
1190,Calls,3284
1191,Calls,3285
1192,Calls,3289
1193,Calls,3290
1215,Calls,1220
1215,Calls,1221
1218,Calls,1220
1218,Calls,1221
1220,Calls,1222
1221,Calls,1222
1223,Calls,1224
1223,Calls,1222
1224,Calls,1225
1224,Calls,1226
1225,Calls,1219
1227,Calls,1230
1227,Calls,1228
1227,Calls,1231
1232,Calls,1233
1232,Calls,1238
1232,Calls,1237
1232,Calls,1236
1233,Calls,1234
1233,Calls,1235
1239,Calls,1240
1239,Calls,1240
1239,Calls,1240
1239,Calls,1240
1241,Calls,1242
1241,Calls,1243
1241,Calls,1244
1241,Calls,1248
1248,Calls,1247
1248,Calls,1251
1248,Calls,1246
1249,Calls,1250
1251,Calls,1265
1253,Calls,1252
1254,Calls,1252
1254,Calls,1252
1255,Calls,1252
1255,Calls,1254
1256,Calls,1239
1258,Calls,1265
1258,Calls,1257
1258,Calls,1261
1258,Calls,1259
1258,Calls,1264
1258,Calls,1260
1258,Calls,1263
1258,Calls,1261
1258,Calls,1264
1260,Calls,1259
1261,Calls,1262
1261,Calls,1264
1263,Calls,1262
1263,Calls,1264
1265,Calls,1255
1265,Calls,1253
1265,Calls,1254
1267,Calls,1269
1267,Calls,1269
1267,Calls,1266
1267,Calls,1268
1271,Calls,1267
1271,Calls,1272
1271,Calls,1241
1271,Calls,1249
1272,Calls,1273
1274,Calls,1258
1274,Calls,1271
1274,Calls,1241
1274,Calls,1249
1276,Calls,1277
1276,Calls,1277
1276,Calls,1277
1276,Calls,1278
1278,Calls,1210
1280,Calls,1281
1280,Calls,1282
1280,Calls,1284
1280,Calls,1283
1281,Calls,1133
1282,Calls,1136
1284,Calls,1211
1288,Calls,1287
1288,Calls,1289
1288,Calls,2617
1288,Calls,3301
1290,Calls,1127
1290,Calls,1126
1290,Calls,1291
1290,Calls,1292
1291,Calls,1295
1291,Calls,1294
1291,Calls,1293
1291,Calls,1129
1291,Calls,3399
1291,Calls,1129
1291,Calls,1131
1292,Calls,1296
1292,Calls,3400
1292,Calls,1132
1293,Calls,1128
1297,Calls,1300
1297,Calls,1302
1297,Calls,1298
1297,Calls,1299
1302,Calls,1301
1302,Calls,2617
1302,Calls,3302
1303,Calls,1288
1303,Calls,1290
1303,Calls,1297
1308,Calls,1163
1308,Calls,1190
1308,Calls,1191
1308,Calls,1192
1309,Calls,1163
1309,Calls,1164
1309,Calls,1310
1310,Calls,1189
1310,Calls,1187
1311,Calls,1188
1312,Calls,1313
1313,Calls,1314
1315,Calls,1319
1315,Calls,1320
1315,Calls,1321
1315,Calls,1318
1315,Calls,1324
1316,Calls,1317
1316,Calls,1319
1316,Calls,1320
1316,Calls,1321
1316,Calls,1318
1316,Calls,1324
1317,Calls,2750
1319,Calls,1343
1320,Calls,1563
1320,Calls,1322
1321,Calls,1322
1322,Calls,1323
1325,Calls,3323
1326,Calls,3326
1326,Calls,3324
1326,Calls,3325
1327,Calls,1331
1327,Calls,1330
1327,Calls,1332
1328,Calls,1327
1328,Calls,1329
1329,Calls,3330
1330,Calls,3327
1331,Calls,3328
1332,Calls,3329
1333,Calls,926
1333,Calls,1335
1334,Calls,1563
1334,Calls,926
1334,Calls,1335
1334,Calls,1546
1334,Calls,1544
1335,Calls,970
1335,Calls,974
1335,Calls,922
1335,Calls,2925
1335,Calls,934
1335,Calls,930
1337,Calls,1341
1337,Calls,996
1337,Calls,1338
1337,Calls,945
1337,Calls,942
1337,Calls,1342
1337,Calls,936
1339,Calls,1341
1339,Calls,939
1339,Calls,1342
1339,Calls,936
1340,Calls,1341
1340,Calls,941
1342,Calls,1336
1342,Calls,926
1342,Calls,1335
1344,Calls,3315
1345,Calls,3316
1346,Calls,3317
1347,Calls,3318
1348,Calls,3322
1349,Calls,3321
1350,Calls,3319
1351,Calls,3320
1352,Calls,1347
1352,Calls,929
1352,Calls,1350
1352,Calls,1344
1353,Calls,942
1353,Calls,929
1353,Calls,1354
1353,Calls,936
1355,Calls,1357
1355,Calls,1359
1355,Calls,1358
1355,Calls,1360
1355,Calls,1361
1355,Calls,1362
1358,Calls,1357
1358,Calls,1356
1359,Calls,1356
1360,Calls,1359
1360,Calls,1356
1361,Calls,1360
1361,Calls,1356
1361,Calls,1356
1363,Calls,1452
1363,Calls,1334
1363,Calls,1347
1363,Calls,1365
1363,Calls,1333
1363,Calls,1368
1363,Calls,1350
1363,Calls,1344
1363,Calls,1462
1363,Calls,1364
1364,Calls,1365
1365,Calls,1345
1365,Calls,1344
1366,Calls,1452
1366,Calls,1379
1367,Calls,1452
1370,Calls,3338
1371,Calls,3331
1371,Calls,3335
1371,Calls,3332
1372,Calls,3336
1372,Calls,3342
1372,Calls,3337
1372,Calls,3339
1373,Calls,3341
1374,Calls,3340
1376,Calls,3339
1377,Calls,3336
1377,Calls,3342
1377,Calls,3337
1377,Calls,3343
1377,Calls,3339
1378,Calls,3333
1379,Calls,1380
1379,Calls,1463
1379,Calls,1463
1379,Calls,2910
1403,Calls,1405
1404,Calls,1405
1405,Calls,2671
1405,Calls,1406
1405,Calls,1316
1405,Calls,1316
1405,Calls,1410
1405,Calls,1411
1405,Calls,1412
1405,Calls,1415
1405,Calls,1408
1405,Calls,1409
1409,Calls,1327
1410,Calls,1321
1411,Calls,1319
1412,Calls,1320
1413,Calls,1414
1414,Calls,2699
1415,Calls,2708
1417,Calls,1316
1417,Calls,2671
1417,Calls,1350
1417,Calls,1344
1417,Calls,1365
1417,Calls,1344
1418,Calls,1824
1418,Calls,1819
1419,Calls,1420
1419,Calls,1527
1419,Calls,1529
1419,Calls,1528
1419,Calls,1422
1419,Calls,1421
1419,Calls,1523
1419,Calls,1530
1424,Calls,1425
1424,Calls,1820
1424,Calls,1819
1426,Calls,1046
1427,Calls,1047
1433,Calls,1827
1434,Calls,1355
1434,Calls,1403
1434,Calls,1350
1434,Calls,1344
1434,Calls,1437
1434,Calls,1437
1434,Calls,1344
1434,Calls,1435
1435,Calls,1351
1435,Calls,1436
1435,Calls,1365
1435,Calls,1344
1437,Calls,1353
1438,Calls,985
1439,Calls,1509
1440,Calls,3350
1441,Calls,3344
1442,Calls,3345
1443,Calls,3346
1444,Calls,3347
1445,Calls,3348
1446,Calls,3349
1447,Calls,1444
1447,Calls,1448
1448,Calls,1440
1449,Calls,978
1449,Calls,3376
1450,Calls,3378
1450,Calls,1464
1451,Calls,3380
1452,Calls,3366
1453,Calls,3369
1454,Calls,1654
1455,Calls,3375
1456,Calls,3374
1457,Calls,3381
1458,Calls,3382
1459,Calls,3383
1460,Calls,3384
1461,Calls,3317
1462,Calls,1464
1462,Calls,1325
1463,Calls,1464
1463,Calls,1040
1463,Calls,1452
1463,Calls,1464
1464,Calls,3372
1465,Calls,3373
1466,Calls,1537
1466,Calls,3373
1467,Calls,1468
1468,Calls,1505
1468,Calls,1163
1468,Calls,1162
1468,Calls,1463
1469,Calls,1206
1469,Calls,1463
1470,Calls,1463
1473,Calls,3377
1474,Calls,3375
1474,Calls,1449
1474,Calls,1578
1474,Calls,1477
1474,Calls,1483
1474,Calls,1465
1475,Calls,1475
1475,Calls,3375
1475,Calls,1449
1475,Calls,1578
1475,Calls,1477
1475,Calls,1482
1476,Calls,1576
1476,Calls,1567
1476,Calls,1463
1477,Calls,1478
1478,Calls,1452
1478,Calls,1505
1478,Calls,1487
1478,Calls,1499
1478,Calls,1482
1478,Calls,1479
1478,Calls,1452
1478,Calls,1479
1478,Calls,1480
1478,Calls,1496
1479,Calls,1479
1480,Calls,1480
1482,Calls,1452
1482,Calls,1505
1482,Calls,1506
1482,Calls,1452
1482,Calls,1483
1482,Calls,1452
1482,Calls,1496
1483,Calls,1505
1483,Calls,1452
1483,Calls,1566
1483,Calls,1484
1483,Calls,1484
1483,Calls,1485
1483,Calls,1485
1483,Calls,1496
1484,Calls,1484
1485,Calls,1452
1486,Calls,1452
1486,Calls,1483
1486,Calls,1452
1492,Calls,1493
1493,Calls,1328
1493,Calls,3316
1493,Calls,3322
1494,Calls,1328
1494,Calls,3316
1494,Calls,3322
1495,Calls,1328
1495,Calls,3316
1495,Calls,3322
1498,Calls,1497
1499,Calls,1498
1499,Calls,1498
1500,Calls,1452
1500,Calls,1496
1501,Calls,3366
1502,Calls,3386
1503,Calls,3387
1507,Calls,3379
1508,Calls,1603
1509,Calls,3391
1510,Calls,3370
1511,Calls,3392
1513,Calls,1514
1514,Calls,1515
1514,Calls,1516
1514,Calls,1567
1516,Calls,1517
1516,Calls,1517
1519,Calls,3357
1520,Calls,3358
1521,Calls,3359
1522,Calls,3360
1523,Calls,1524
1523,Calls,1525
1523,Calls,1526
1528,Calls,1527
1529,Calls,1527
1530,Calls,1523
1531,Calls,3529
1532,Calls,3361
1533,Calls,3362
1534,Calls,3363
1535,Calls,3364
1536,Calls,1534
1536,Calls,3365
1537,Calls,1533
1537,Calls,3365
1538,Calls,1533
1538,Calls,3364
1538,Calls,1566
1538,Calls,925
1538,Calls,1519
1538,Calls,1532
1539,Calls,1533
1539,Calls,1541
1539,Calls,1566
1539,Calls,1542
1539,Calls,3365
1540,Calls,925
1540,Calls,1519
1540,Calls,1566
1541,Calls,1542
1542,Calls,1562
1544,Calls,3416
1544,Calls,3405
1545,Calls,3410
1546,Calls,3406
1547,Calls,3408
1548,Calls,3410
1548,Calls,1549
1549,Calls,3352
1549,Calls,3410
1549,Calls,1548
1549,Calls,1544
1549,Calls,1555
1549,Calls,3353
1549,Calls,1463
1551,Calls,3352
1551,Calls,3352
1552,Calls,1562
1552,Calls,3356
1552,Calls,3353
1552,Calls,3352
1552,Calls,3408
1552,Calls,1463
1553,Calls,1533
1553,Calls,1562
1553,Calls,1554
1553,Calls,1554
1553,Calls,1548
1553,Calls,1544
1553,Calls,3356
1553,Calls,3353
1553,Calls,3354
1553,Calls,3352
1553,Calls,3408
1553,Calls,3353
1553,Calls,1463
1555,Calls,3356
1556,Calls,3408
1556,Calls,1463
1557,Calls,3411
1558,Calls,3412
1559,Calls,3413
1560,Calls,3414
1561,Calls,3415
1563,Calls,1562
1564,Calls,1562
1565,Calls,1562
1566,Calls,3394
1567,Calls,3398
1568,Calls,3395
1569,Calls,3397
1570,Calls,1571
1570,Calls,1583
1572,Calls,3396
1572,Calls,1583
1573,Calls,1571
1573,Calls,1583
1574,Calls,3396
1574,Calls,1570
1574,Calls,1583
1575,Calls,3396
1575,Calls,1570
1575,Calls,1941
1575,Calls,1583
1576,Calls,3396
1576,Calls,1583
1577,Calls,1577
1579,Calls,1913
1579,Calls,1891
1579,Calls,1899
1579,Calls,1572
1579,Calls,1574
1579,Calls,1577
1579,Calls,1566
1579,Calls,1583
1581,Calls,1582
1582,Calls,1582
1587,Calls,3402
1588,Calls,3404
1589,Calls,3403
1590,Calls,1591
1590,Calls,1593
1590,Calls,1465
1590,Calls,1465
1590,Calls,1593
1590,Calls,1592
1590,Calls,1463
1590,Calls,1593
1590,Calls,1463
1591,Calls,1508
1591,Calls,1594
1591,Calls,1595
1591,Calls,1596
1591,Calls,1594
1591,Calls,1595
1591,Calls,1596
1591,Calls,1483
1591,Calls,1463
1605,Calls,1661
1608,Calls,1913
1609,Calls,1661
1610,Calls,1661
1611,Calls,1566
1612,Calls,1536
1612,Calls,1536
1612,Calls,3352
1612,Calls,1568
1612,Calls,1615
1612,Calls,1567
1612,Calls,1567
1612,Calls,1615
1612,Calls,1567
1612,Calls,1613
1612,Calls,1616
1612,Calls,1463
1613,Calls,1614
1613,Calls,1614
1613,Calls,1614
1614,Calls,1614
1619,Calls,1660
1620,Calls,1621
1621,Calls,1621
1622,Calls,1629
1622,Calls,1625
1623,Calls,1629
1623,Calls,1625
1624,Calls,1891
1625,Calls,1630
1625,Calls,1627
1625,Calls,1913
1625,Calls,1626
1627,Calls,1531
1627,Calls,1913
1631,Calls,1579
1631,Calls,1580
1631,Calls,3651
1632,Calls,1655
1633,Calls,1634
1634,Calls,1635
1634,Calls,1622
1634,Calls,1623
1634,Calls,1636
1634,Calls,1637
1634,Calls,1641
1634,Calls,1646
1634,Calls,1647
1636,Calls,1891
1637,Calls,1639
1637,Calls,1913
1637,Calls,1638
1639,Calls,1531
1639,Calls,1913
1641,Calls,1642
1641,Calls,1643
1641,Calls,1644
1644,Calls,1645
1647,Calls,1566
1648,Calls,1622
1648,Calls,1623
1648,Calls,1566
1649,Calls,1658
1652,Calls,1566
1653,Calls,1566
1653,Calls,1573
1653,Calls,1566
1653,Calls,1463
1655,Calls,1656
1655,Calls,1545
1655,Calls,1657
1655,Calls,1656
1655,Calls,1545
1655,Calls,1657
1655,Calls,1545
1655,Calls,1657
1657,Calls,1549
1658,Calls,1659
1658,Calls,1659
1658,Calls,1659
1661,Calls,1662
1661,Calls,1547
1664,Calls,1452
1664,Calls,1665
1664,Calls,2970
1664,Calls,2970
1670,Calls,1675
1670,Calls,1895
1670,Calls,1674
1670,Calls,1677
1671,Calls,1675
1671,Calls,1896
1671,Calls,1673
1671,Calls,1677
1672,Calls,1671
1673,Calls,1673
1674,Calls,1683
1674,Calls,1678
1674,Calls,1683
1675,Calls,3450
1675,Calls,1676
1675,Calls,3450
1675,Calls,1676
1677,Calls,1676
1678,Calls,1679
1679,Calls,1680
1679,Calls,1681
1681,Calls,1676
1681,Calls,3423
1684,Calls,1685
1686,Calls,1685
1687,Calls,1688
1687,Calls,1690
1687,Calls,1692
1692,Calls,1690
1692,Calls,1691
1692,Calls,1715
1692,Calls,1703
1692,Calls,1696
1692,Calls,1698
1692,Calls,1695
1692,Calls,1693
1692,Calls,3435
1692,Calls,1716
1692,Calls,2582
1693,Calls,1694
1696,Calls,1697
1701,Calls,1702
1701,Calls,1701
1721,Calls,1703
1721,Calls,1714
1722,Calls,1723
1723,Calls,1724
1724,Calls,2581
1725,Calls,1747
1729,Calls,1730
1733,Calls,1735
1733,Calls,1734
1735,Calls,1732
1738,Calls,3426
1738,Calls,1739
1738,Calls,1739
1739,Calls,1733
1741,Calls,2699
1742,Calls,1741
1742,Calls,1743
1742,Calls,3433
1742,Calls,1701
1744,Calls,1701
1745,Calls,1701
1746,Calls,1731
1746,Calls,1727
1747,Calls,1747
1747,Calls,1748
1747,Calls,1747
1747,Calls,1748
1747,Calls,1747
1747,Calls,1748
1747,Calls,1747
1749,Calls,3432
1750,Calls,1703
1753,Calls,1754
1754,Calls,1751
1756,Calls,1759
1756,Calls,1757
1756,Calls,1758
1756,Calls,1763
1757,Calls,1761
1757,Calls,1701
1759,Calls,1711
1759,Calls,1712
1759,Calls,1710
1759,Calls,1708
1759,Calls,1709
1759,Calls,1713
1759,Calls,1704
1759,Calls,1706
1759,Calls,2823
1759,Calls,1704
1759,Calls,1715
1759,Calls,1703
1759,Calls,1721
1759,Calls,1703
1759,Calls,1762
1759,Calls,1703
1759,Calls,1762
1759,Calls,1760
1760,Calls,1703
1760,Calls,1714
1760,Calls,1714
1760,Calls,1760
1761,Calls,1725
1766,Calls,1764
1766,Calls,1764
1766,Calls,2580
1766,Calls,1725
1767,Calls,1764
1768,Calls,1764
1768,Calls,1769
1768,Calls,1769
1768,Calls,1769
1768,Calls,1769
1769,Calls,2957
1772,Calls,1778
1772,Calls,1777
1773,Calls,1776
1773,Calls,1772
1774,Calls,1776
1775,Calls,1774
1775,Calls,1777
1778,Calls,1774
1778,Calls,1779
1782,Calls,1783
1782,Calls,1784
1782,Calls,1785
1783,Calls,1793
1784,Calls,1787
1784,Calls,1786
1785,Calls,1806
1785,Calls,1699
1786,Calls,1795
1786,Calls,1790
1786,Calls,1794
1787,Calls,1804
1787,Calls,1781
1787,Calls,1788
1787,Calls,1789
1787,Calls,1794
1787,Calls,1805
1790,Calls,3519
1791,Calls,1791
1792,Calls,1793
1793,Calls,1793
1794,Calls,1794
1795,Calls,3514
1796,Calls,2582
1797,Calls,1800
1797,Calls,1798
1797,Calls,1799
1798,Calls,1802
1798,Calls,1701
1800,Calls,1711
1800,Calls,1712
1800,Calls,1710
1800,Calls,1708
1800,Calls,1709
1800,Calls,1713
1800,Calls,1704
1800,Calls,1706
1800,Calls,2823
1800,Calls,1704
1800,Calls,1715
1800,Calls,1703
1800,Calls,1721
1800,Calls,1703
1800,Calls,1809
1800,Calls,1703
1800,Calls,1809
1800,Calls,1801
1801,Calls,1703
1801,Calls,1714
1801,Calls,1714
1801,Calls,1801
1802,Calls,1725
1806,Calls,1806
1807,Calls,1807
1810,Calls,1708
1810,Calls,1705
1810,Calls,1812
1810,Calls,1812
1811,Calls,1808
1814,Calls,3418
1816,Calls,1817
1817,Calls,1815
1818,Calls,1815
1818,Calls,1816
1819,Calls,1821
1820,Calls,1822
1821,Calls,1815
1821,Calls,1816
1821,Calls,1916
1821,Calls,1825
1822,Calls,1816
1822,Calls,1916
1822,Calls,1825
1823,Calls,1821
1823,Calls,1822
1825,Calls,1826
1825,Calls,1826
1827,Calls,1818
1827,Calls,1816
1829,Calls,3475
1829,Calls,1830
1830,Calls,1831
1830,Calls,3485
1830,Calls,1830
1831,Calls,1833
1831,Calls,1834
1831,Calls,1835
1831,Calls,1832
1833,Calls,1840
1834,Calls,1841
1843,Calls,3467
1843,Calls,1845
1843,Calls,1846
1843,Calls,1844
1851,Calls,1858
1851,Calls,1859
1851,Calls,1852
1851,Calls,1856
1851,Calls,1855
1852,Calls,1854
1852,Calls,1853
1852,Calls,1857
1855,Calls,1854
1855,Calls,1853
1855,Calls,1857
1856,Calls,1854
1856,Calls,1853
1856,Calls,1857
1858,Calls,3494
1859,Calls,3475
1861,Calls,3515
1861,Calls,1863
1861,Calls,1864
1861,Calls,1862
1869,Calls,1872
1869,Calls,1871
1870,Calls,1873
1870,Calls,1871
1872,Calls,1874
1873,Calls,1874
1876,Calls,2758
1876,Calls,2602
1876,Calls,2614
1876,Calls,2758
1876,Calls,2602
1876,Calls,2614
1876,Calls,1877
1887,Calls,3541
1888,Calls,3542
1888,Calls,1890
1888,Calls,1889
1891,Calls,3494
1892,Calls,3495
1893,Calls,3497
1894,Calls,3498
1895,Calls,3502
1896,Calls,3500
1897,Calls,3510
1898,Calls,3493
1899,Calls,3475
1900,Calls,3477
1901,Calls,3478
1902,Calls,3479
1903,Calls,3474
1904,Calls,3488
1905,Calls,3463
1906,Calls,3508
1907,Calls,3481
1908,Calls,3482
1909,Calls,3484
1910,Calls,3485
1911,Calls,3483
1912,Calls,3461
1913,Calls,3457
1914,Calls,3458
1915,Calls,3459
1916,Calls,3455
1917,Calls,3456
1918,Calls,3462
1921,Calls,3507
1923,Calls,1899
1924,Calls,3489
1925,Calls,3464
1926,Calls,3509
1927,Calls,3522
1928,Calls,3523
1929,Calls,3524
1930,Calls,3525
1932,Calls,1933
1933,Calls,3490
1934,Calls,1935
1935,Calls,3513
1936,Calls,3470
1937,Calls,3526
1938,Calls,3527
1939,Calls,3533
1940,Calls,3534
1953,Calls,1958
1954,Calls,1958
1955,Calls,1958
1956,Calls,1958
1957,Calls,1958
1959,Calls,1969
1963,Calls,2531
1963,Calls,1964
1963,Calls,2532
1964,Calls,2533
1967,Calls,1968
1969,Calls,996
1969,Calls,995
1969,Calls,1970
1969,Calls,1970
1969,Calls,1973
1969,Calls,1974
1969,Calls,1971
1971,Calls,1980
1971,Calls,1980
1971,Calls,1975
1971,Calls,1972
1972,Calls,978
1974,Calls,1975
1974,Calls,989
1974,Calls,1976
1975,Calls,1976
1975,Calls,1977
1975,Calls,996
1981,Calls,989
1983,Calls,1985
1983,Calls,1985
1984,Calls,1985
1984,Calls,1985
1986,Calls,1987
1990,Calls,952
1992,Calls,1991
1992,Calls,937
1992,Calls,1993
1994,Calls,964
1995,Calls,2739
1996,Calls,962
1996,Calls,963
1997,Calls,1986
1997,Calls,2031
1997,Calls,2739
1997,Calls,1965
1997,Calls,2029
1997,Calls,960
2010,Calls,1965
2010,Calls,962
2011,Calls,2025
2011,Calls,980
2011,Calls,1983
2011,Calls,2017
2011,Calls,2015
2013,Calls,989
2014,Calls,947
2025,Calls,995
2029,Calls,966
2034,Calls,2036
2034,Calls,2035
2039,Calls,2043
2039,Calls,2040
2039,Calls,2041
2039,Calls,2042
2042,Calls,2044
2042,Calls,2044
2043,Calls,2044
2043,Calls,2044
2047,Calls,2052
2047,Calls,2048
2047,Calls,2050
2047,Calls,2049
2048,Calls,2051
2049,Calls,2048
2049,Calls,2049
2052,Calls,2053
2052,Calls,2054
2052,Calls,2055
2055,Calls,1932
2058,Calls,2059
2058,Calls,2060
2058,Calls,2061
2061,Calls,2062
2061,Calls,2062
2067,Calls,2073
2067,Calls,2076
2067,Calls,2075
2067,Calls,2076
2068,Calls,2073
2068,Calls,2074
2068,Calls,2074
2068,Calls,1483
2068,Calls,1477
2068,Calls,1463
2068,Calls,2075
2070,Calls,2071
2070,Calls,1465
2070,Calls,1449
2070,Calls,2071
2070,Calls,1463
2070,Calls,2071
2070,Calls,1463
2070,Calls,1465
2070,Calls,1449
2071,Calls,2072
2077,Calls,970
2077,Calls,922
2077,Calls,2925
2081,Calls,2080
2081,Calls,2078
2081,Calls,2082
2082,Calls,2083
2082,Calls,2083
2086,Calls,2087
2086,Calls,2084
2086,Calls,2085
2086,Calls,2520
2088,Calls,2089
2089,Calls,2090
2089,Calls,2091
2092,Calls,1457
2092,Calls,2093
2093,Calls,2094
2095,Calls,2097
2097,Calls,2098
2097,Calls,2099
2097,Calls,1084
2097,Calls,2100
2102,Calls,2103
2105,Calls,2108
2105,Calls,2106
2106,Calls,2118
2106,Calls,2109
2106,Calls,2112
2106,Calls,2107
2106,Calls,2113
2106,Calls,2110
2107,Calls,2115
2108,Calls,2118
2108,Calls,2111
2109,Calls,2114
2110,Calls,2116
2111,Calls,2117
2112,Calls,2115
2113,Calls,2116
2122,Calls,2123
2123,Calls,2124
2124,Calls,1899
2126,Calls,2127
2126,Calls,2128
2126,Calls,2134
2127,Calls,1891
2128,Calls,2129
2128,Calls,2132
2129,Calls,2130
2130,Calls,2131
2132,Calls,2133
2134,Calls,1373
2135,Calls,2136
2138,Calls,1315
2139,Calls,2140
2140,Calls,2141
2140,Calls,1452
2140,Calls,1463
2142,Calls,2143
2143,Calls,2141
2143,Calls,1452
2144,Calls,1343
2145,Calls,2146
2146,Calls,2149
2146,Calls,996
2146,Calls,978
2147,Calls,2148
2148,Calls,2149
2148,Calls,996
2163,Calls,2164
2163,Calls,2165
2175,Calls,2182
2175,Calls,2187
2176,Calls,2184
2176,Calls,2179
2176,Calls,2175
2177,Calls,2184
2177,Calls,2180
2177,Calls,2175
2178,Calls,2186
2178,Calls,2185
2180,Calls,2183
2181,Calls,2186
2182,Calls,2187
2183,Calls,3491
2183,Calls,2188
2184,Calls,2187
2191,Calls,1563
2191,Calls,956
2192,Calls,2196
2192,Calls,2204
2193,Calls,2194
2193,Calls,2195
2193,Calls,2197
2193,Calls,2198
2193,Calls,2201
2193,Calls,2199
2195,Calls,2196
2196,Calls,1346
2197,Calls,937
2197,Calls,2416
2198,Calls,2200
2198,Calls,2417
2199,Calls,2200
2199,Calls,2417
2201,Calls,2204
2202,Calls,2191
2202,Calls,2193
2203,Calls,2204
2203,Calls,2204
2233,Calls,2236
2233,Calls,2235
2233,Calls,2234
2235,Calls,2236
2240,Calls,2241
2240,Calls,1315
2240,Calls,2242
2240,Calls,2245
2240,Calls,2244
2240,Calls,969
2240,Calls,921
2240,Calls,2249
2240,Calls,2250
2240,Calls,2243
2241,Calls,2190
2241,Calls,2191
2241,Calls,2192
2242,Calls,1565
2244,Calls,2246
2244,Calls,2247
2244,Calls,2248
2244,Calls,2242
2245,Calls,1521
2245,Calls,2248
2245,Calls,1042
2245,Calls,1563
2246,Calls,2413
2247,Calls,2414
2248,Calls,2415
2253,Calls,2254
2253,Calls,1457
2253,Calls,2265
2253,Calls,2256
2253,Calls,2266
2253,Calls,2257
2253,Calls,2258
2254,Calls,2255
2254,Calls,2261
2254,Calls,2264
2254,Calls,2264
2255,Calls,2261
2258,Calls,2263
2258,Calls,2263
2258,Calls,2259
2259,Calls,2260
2273,Calls,2274
2273,Calls,2281
2274,Calls,2279
2274,Calls,2280
2274,Calls,2275
2274,Calls,2524
2274,Calls,2527
2281,Calls,2282
2286,Calls,1451
2295,Calls,1891
2295,Calls,2298
2295,Calls,2296
2296,Calls,2297
2296,Calls,2299
2298,Calls,2299
2302,Calls,1869
2302,Calls,1870
2303,Calls,2302
2306,Calls,1373
2306,Calls,2307
2306,Calls,1378
2310,Calls,2090
2310,Calls,2091
2310,Calls,2091
2310,Calls,2091
2313,Calls,2317
2313,Calls,2314
2313,Calls,2315
2313,Calls,2316
2315,Calls,2317
2320,Calls,1902
2333,Calls,2090
2338,Calls,2335
2340,Calls,2343
2341,Calls,2342
2341,Calls,2342
2343,Calls,2344
2346,Calls,2189
2348,Calls,2350
2349,Calls,2350
2350,Calls,1851
2350,Calls,2351
2353,Calls,1869
2357,Calls,969
2358,Calls,2359
2359,Calls,972
2360,Calls,921
2362,Calls,1565
2363,Calls,2419
2363,Calls,2420
2364,Calls,2419
2366,Calls,1565
2367,Calls,1521
2368,Calls,2370
2368,Calls,1539
2369,Calls,2370
2369,Calls,2415
2369,Calls,1521
2369,Calls,1563
2369,Calls,1042
2372,Calls,2373
2372,Calls,1315
2374,Calls,2419
2375,Calls,2418
2376,Calls,2417
2377,Calls,2380
2378,Calls,1346
2379,Calls,2380
2380,Calls,1346
2383,Calls,2386
2384,Calls,2386
2385,Calls,2386
2386,Calls,1346
2395,Calls,1508
2395,Calls,2397
2395,Calls,2398
2395,Calls,2399
2395,Calls,1508
2395,Calls,1454
2395,Calls,2070
2395,Calls,2396
2397,Calls,1452
2398,Calls,1975
2399,Calls,1975
2399,Calls,1455
2399,Calls,1590
2402,Calls,2395
2402,Calls,2403
2402,Calls,2407
2402,Calls,1501
2409,Calls,995
2409,Calls,1975
2409,Calls,1455
2409,Calls,1590
2414,Calls,1346
2415,Calls,1562
2416,Calls,1346
2417,Calls,1346
2418,Calls,1346
2419,Calls,1346
2420,Calls,2421
2421,Calls,1346
2423,Calls,2425
2423,Calls,2427
2429,Calls,2430
2440,Calls,2444
2440,Calls,2439
2440,Calls,2442
2440,Calls,2443
2441,Calls,2439
2442,Calls,2439
2443,Calls,2439
2448,Calls,2450
2450,Calls,2451
2451,Calls,2449
2455,Calls,2456
2455,Calls,2457
2457,Calls,2456
2460,Calls,2461
2460,Calls,2462
2469,Calls,2470
2473,Calls,2484
2473,Calls,2484
2474,Calls,2484
2474,Calls,2484
2477,Calls,2471
2477,Calls,2470
2478,Calls,2472
2480,Calls,2478
2481,Calls,2473
2481,Calls,2474
2486,Calls,3543
2487,Calls,2645
2487,Calls,3544
2487,Calls,2509
2488,Calls,2487
2489,Calls,2487
2490,Calls,2492
2491,Calls,2492
2492,Calls,2644
2492,Calls,3551
2492,Calls,2509
2492,Calls,2648
2493,Calls,2645
2493,Calls,2496
2493,Calls,3550
2493,Calls,2509
2494,Calls,2493
2495,Calls,2493
2497,Calls,3553
2498,Calls,2509
2498,Calls,2499
2499,Calls,3553
2500,Calls,3545
2501,Calls,3546
2502,Calls,2645
2502,Calls,3554
2502,Calls,2509
2503,Calls,2509
2503,Calls,2504
2504,Calls,2502
2505,Calls,2506
2506,Calls,2508
2507,Calls,2508
2508,Calls,2645
2508,Calls,3549
2508,Calls,2509
2510,Calls,3547
2511,Calls,3548
2512,Calls,3555
2513,Calls,2514
2513,Calls,2518
2513,Calls,2518
2515,Calls,2514
2521,Calls,2525
2523,Calls,2524
2526,Calls,2519
2532,Calls,2532
2533,Calls,2532
2534,Calls,2550
2534,Calls,2551
2536,Calls,2537
2536,Calls,2536
2537,Calls,2537
2538,Calls,2537
2539,Calls,2540
2541,Calls,2540
2542,Calls,2548
2542,Calls,2550
2542,Calls,2547
2542,Calls,2550
2542,Calls,2547
2543,Calls,2546
2544,Calls,2546
2545,Calls,2546
2546,Calls,2549
2546,Calls,2548
2551,Calls,2552
2553,Calls,2553
2562,Calls,2566
2562,Calls,2567
2562,Calls,2567
2563,Calls,2564
2564,Calls,2566
2564,Calls,2567
2565,Calls,2566
2565,Calls,2567
2567,Calls,2568
2569,Calls,2571
2569,Calls,2573
2569,Calls,2571
2569,Calls,2575
2569,Calls,2573
2569,Calls,2571
2569,Calls,2578
2570,Calls,2573
2570,Calls,2573
2570,Calls,2575
2570,Calls,2573
2570,Calls,2571
2570,Calls,2571
2570,Calls,2571
2570,Calls,2571
2570,Calls,2578
2573,Calls,2577
2575,Calls,2577
2580,Calls,3556
2581,Calls,3557
2582,Calls,3558
2583,Calls,3559
2588,Calls,3153
2602,Calls,3642
2603,Calls,3650
2604,Calls,3651
2605,Calls,3643
2606,Calls,3644
2607,Calls,3645
2608,Calls,3648
2609,Calls,3653
2610,Calls,3654
2611,Calls,3655
2612,Calls,3656
2613,Calls,3657
2614,Calls,3647
2615,Calls,3658
2616,Calls,3659
2617,Calls,3652
2620,Calls,2623
2623,Calls,2643
2623,Calls,2624
2623,Calls,2631
2624,Calls,2629
2624,Calls,2631
2624,Calls,2633
2625,Calls,2633
2626,Calls,2633
2627,Calls,2633
2628,Calls,2629
2630,Calls,2631
2632,Calls,2636
2633,Calls,2635
2634,Calls,2635
2635,Calls,2737
2635,Calls,2632
2640,Calls,2648
2640,Calls,2648
2642,Calls,2641
2642,Calls,2644
2642,Calls,2648
2643,Calls,2644
2643,Calls,2648
2644,Calls,2653
2644,Calls,2652
2645,Calls,2648
2649,Calls,2640
2655,Calls,2656
2660,Calls,2664
2661,Calls,2664
2662,Calls,2664
2663,Calls,2664
2670,Calls,2669
2671,Calls,2672
2680,Calls,3565
2681,Calls,3570
2682,Calls,3569
2683,Calls,3566
2683,Calls,2683
2694,Calls,3571
2695,Calls,3572
2699,Calls,2701
2699,Calls,3577
2699,Calls,2701
2699,Calls,2700
2700,Calls,2702
2700,Calls,2703
2701,Calls,2702
2701,Calls,2703
2703,Calls,2704
2705,Calls,3573
2706,Calls,2702
2706,Calls,2703
2706,Calls,2702
2706,Calls,2703
2706,Calls,3578
2707,Calls,2699
2708,Calls,2699
2709,Calls,2699
2712,Calls,3584
2713,Calls,3585
2714,Calls,3586
2715,Calls,3588
2716,Calls,3587
2717,Calls,3589
2718,Calls,2722
2723,Calls,2727
2728,Calls,2729
2728,Calls,2729
2729,Calls,3592
2730,Calls,3597
2731,Calls,3598
2732,Calls,3599
2733,Calls,3600
2734,Calls,3601
2743,Calls,2746
2743,Calls,2753
2744,Calls,2743
2744,Calls,2754
2744,Calls,2745
2744,Calls,2756
2745,Calls,2746
2745,Calls,2747
2750,Calls,2752
2751,Calls,2750
2752,Calls,2626
2766,Calls,2796
2766,Calls,2789
2774,Calls,2794
2774,Calls,2793
2774,Calls,2793
2775,Calls,2795
2789,Calls,2792
2789,Calls,2791
2789,Calls,2790
2793,Calls,2794
2798,Calls,2799
2798,Calls,2800
2801,Calls,2803
2801,Calls,2534
2801,Calls,2815
2801,Calls,2804
2801,Calls,2815
2801,Calls,2805
2801,Calls,2545
2801,Calls,2535
2802,Calls,2536
2802,Calls,2813
2802,Calls,2812
2802,Calls,2813
2802,Calls,2801
2802,Calls,2536
2802,Calls,2813
2802,Calls,2811
2802,Calls,2801
2802,Calls,2536
2802,Calls,2813
2803,Calls,2715
2805,Calls,2805
2815,Calls,2810
2833,Calls,3604
2834,Calls,3605
2835,Calls,3606
2836,Calls,3610
2837,Calls,3611
2838,Calls,3615
2838,Calls,3606
2838,Calls,3606
2839,Calls,2833
2839,Calls,2845
2839,Calls,2842
2840,Calls,3613
2841,Calls,3614
2842,Calls,3617
2843,Calls,3604
2843,Calls,2850
2843,Calls,3618
2843,Calls,3612
2844,Calls,3619
2845,Calls,3612
2846,Calls,3607
2847,Calls,2848
2847,Calls,3608
2848,Calls,3609
2849,Calls,2850
2850,Calls,3612
2853,Calls,2858
2853,Calls,2869
2853,Calls,2859
2853,Calls,2857
2854,Calls,2869
2854,Calls,2867
2854,Calls,2859
2855,Calls,2857
2855,Calls,2858
2856,Calls,2858
2859,Calls,2857
2859,Calls,2860
2859,Calls,2861
2859,Calls,2868
2860,Calls,2873
2860,Calls,2873
2860,Calls,2873
2861,Calls,2534
2861,Calls,2872
2861,Calls,2544
2861,Calls,2535
2868,Calls,2536
2868,Calls,2872
2869,Calls,2870
2869,Calls,2871
2875,Calls,2858
2876,Calls,2877
2877,Calls,2878
2877,Calls,2879
2881,Calls,2876
2881,Calls,2851
2884,Calls,2893
2884,Calls,2894
2885,Calls,2893
2885,Calls,2895
2886,Calls,2897
2887,Calls,2903
2889,Calls,2898
2890,Calls,2899
2891,Calls,2901
2892,Calls,2900
2904,Calls,2905
2904,Calls,2907
2904,Calls,2908
2905,Calls,2906
2908,Calls,2909
2910,Calls,2911
2910,Calls,2911
2912,Calls,2464
2912,Calls,2923
2912,Calls,2923
2912,Calls,2463
2912,Calls,2463
2912,Calls,2463
2913,Calls,2464
2913,Calls,2465
2913,Calls,2922
2913,Calls,3627
2915,Calls,2923
2915,Calls,2599
2922,Calls,2594
2922,Calls,2592
2922,Calls,2593
2922,Calls,2600
2922,Calls,2596
2924,Calls,3638
2925,Calls,3637
2926,Calls,3639
2927,Calls,2938
2927,Calls,2469
2927,Calls,3629
2927,Calls,2952
2927,Calls,3631
2927,Calls,2938
2927,Calls,3627
2927,Calls,2931
2927,Calls,2469
2927,Calls,2946
2927,Calls,2946
2928,Calls,2938
2928,Calls,2469
2928,Calls,3629
2928,Calls,2954
2928,Calls,3630
2928,Calls,2938
2928,Calls,2947
2928,Calls,2931
2928,Calls,3627
2928,Calls,2931
2928,Calls,2469
2928,Calls,2947
2928,Calls,2931
2932,Calls,2949
2932,Calls,2936
2932,Calls,3621
2932,Calls,2932
2933,Calls,3625
2934,Calls,3625
2934,Calls,3627
2934,Calls,3622
2934,Calls,2932
2935,Calls,3625
2935,Calls,3622
2936,Calls,3627
2937,Calls,2949
2937,Calls,3626
2938,Calls,2939
2940,Calls,2941
2940,Calls,2948
2940,Calls,3628
2940,Calls,3627
2940,Calls,2943
2941,Calls,2580
2942,Calls,2950
2942,Calls,2938
2942,Calls,2951
2942,Calls,2938
2943,Calls,2950
2943,Calls,2944
2943,Calls,2944
2943,Calls,2945
2945,Calls,2950
2945,Calls,2944
2948,Calls,2948
2949,Calls,2948
2956,Calls,2959
2956,Calls,2958
2957,Calls,3630
2958,Calls,2948
2959,Calls,2581
2961,Calls,2964
2961,Calls,2963
2961,Calls,2965
2969,Calls,2683
2977,Calls,2978
2977,Calls,3003
2977,Calls,3006
2985,Calls,2986
2985,Calls,3604
2985,Calls,2987
2987,Calls,2988
2992,Calls,2993
2992,Calls,2983
2992,Calls,2984
2997,Calls,2999
2998,Calls,2999
3003,Calls,3008
3003,Calls,2982
3003,Calls,3011
3003,Calls,2985
3003,Calls,3007
3003,Calls,3004
3003,Calls,3005
3003,Calls,2654
3005,Calls,2833
3008,Calls,2580
3008,Calls,2581
3011,Calls,2731
3011,Calls,2730
3015,Calls,3016
3015,Calls,3019
3015,Calls,3016
3019,Calls,3018
3021,Calls,3022
3024,Calls,3034
3024,Calls,3028
3024,Calls,3027
3024,Calls,3030
3024,Calls,3029
3024,Calls,3029
3026,Calls,3027
3030,Calls,3032
3030,Calls,3033
3030,Calls,3031
3053,Calls,3054
3053,Calls,3054
3054,Calls,3054
3054,Calls,3055
3056,Calls,3059
3057,Calls,3059
3058,Calls,3059
3059,Calls,3062
3059,Calls,2985
3059,Calls,2654
3066,Calls,2856
3067,Calls,2856
3072,Calls,3073
3077,Calls,3080
3077,Calls,2855
3077,Calls,3078
3077,Calls,2853
3079,Calls,3080
3080,Calls,2856
3084,Calls,3086
3090,Calls,3056
3090,Calls,3091
3090,Calls,3094
3092,Calls,3094
3092,Calls,3089
3092,Calls,3093
3092,Calls,3094
3092,Calls,3089
3098,Calls,3099
3106,Calls,2881
3111,Calls,3144
3114,Calls,2524
3114,Calls,2517
3114,Calls,2514
3114,Calls,2527
3114,Calls,2518
3114,Calls,2527
3114,Calls,2518
3118,Calls,3120
3119,Calls,3120
3120,Calls,3122
3120,Calls,3121
3128,Calls,3130
3128,Calls,3142
3128,Calls,3135
3129,Calls,3130
3129,Calls,3135
3130,Calls,3131
3130,Calls,3132
3131,Calls,3137
3132,Calls,3133
3132,Calls,3139
3133,Calls,3139
3134,Calls,3135
3135,Calls,3136
3135,Calls,3140
3135,Calls,3140
3138,Calls,3139
3141,Calls,3140
3142,Calls,3140
3144,Calls,2694
3153,Calls,3154
3153,Calls,3155
3153,Calls,2585
3159,Calls,2569
3174,Calls,3176
3175,Calls,3174
3186,Calls,3185
3187,Calls,3184
3188,Calls,2739
3192,Calls,3189
3193,Calls,3191
3196,Calls,2739
3198,Calls,2737
3200,Calls,3201
3202,Calls,3203
3205,Calls,2739
3206,Calls,3197
3215,Calls,2737
3220,Calls,2739
3221,Calls,3219
3226,Calls,2739
3233,Calls,2739
3237,Calls,2739
3241,Calls,3238
3244,Calls,2739
3248,Calls,3249
3248,Calls,3250
3248,Calls,3243
3251,Calls,3247
3256,Calls,2739
3257,Calls,2739
3260,Calls,2737
3263,Calls,3269
3264,Calls,3269
3265,Calls,3267
3266,Calls,3267
3267,Calls,3268
3269,Calls,3268
3270,Calls,2739
3271,Calls,3273
3276,Calls,3278
3277,Calls,3278
3279,Calls,3291
3280,Calls,2739
3281,Calls,3283
3285,Calls,3286
3286,Calls,3288
3286,Calls,3287
3286,Calls,3279
3293,Calls,3308
3294,Calls,2739
3295,Calls,2739
3296,Calls,2739
3297,Calls,2739
3298,Calls,2739
3299,Calls,2739
3300,Calls,2739
3301,Calls,2739
3302,Calls,2739
3303,Calls,2737
3307,Calls,3293
3310,Calls,2739
3311,Calls,3313
3318,Calls,2739
3319,Calls,2739
3321,Calls,2739
3322,Calls,3316
3324,Calls,2739
3325,Calls,2739
3326,Calls,2739
3334,Calls,2739
3335,Calls,2739
3336,Calls,3336
3337,Calls,3337
3352,Calls,3354
3356,Calls,2739
3364,Calls,2739
3366,Calls,3366
3373,Calls,3366
3376,Calls,3378
3376,Calls,3372
3377,Calls,3372
3378,Calls,2739
3385,Calls,3372
3386,Calls,3388
3386,Calls,2739
3386,Calls,3390
3387,Calls,2643
3387,Calls,3388
3388,Calls,3389
3395,Calls,3394
3395,Calls,3393
3396,Calls,2739
3397,Calls,2739
3399,Calls,2739
3400,Calls,2739
3401,Calls,3399
3408,Calls,3406
3409,Calls,2739
3410,Calls,2739
3411,Calls,2739
3415,Calls,3415
3417,Calls,3420
3418,Calls,3419
3419,Calls,3417
3426,Calls,3427
3428,Calls,3429
3433,Calls,3434
3437,Calls,3438
3444,Calls,2821
3444,Calls,2820
3444,Calls,2816
3444,Calls,3445
3445,Calls,2820
3445,Calls,2816
3445,Calls,2816
3445,Calls,2816
3445,Calls,3445
3451,Calls,3453
3452,Calls,3453
3463,Calls,3457
3464,Calls,2739
3465,Calls,3468
3465,Calls,3466
3467,Calls,3468
3467,Calls,3471
3470,Calls,3468
3471,Calls,3472
3473,Calls,3486
3476,Calls,2820
3484,Calls,2820
3485,Calls,2820
3485,Calls,3473
3489,Calls,2739
3490,Calls,3473
3491,Calls,3473
3498,Calls,3499
3499,Calls,2820
3500,Calls,3501
3501,Calls,3506
3501,Calls,3504
3501,Calls,3505
3502,Calls,3503
3503,Calls,3506
3503,Calls,3504
3503,Calls,3505
3507,Calls,2820
3509,Calls,2739
3510,Calls,3511
3513,Calls,3511
3514,Calls,3518
3515,Calls,3511
3515,Calls,3516
3516,Calls,3521
3517,Calls,3511
3517,Calls,3504
3518,Calls,3521
3519,Calls,3520
3520,Calls,3504
3521,Calls,3504
3527,Calls,3526
3528,Calls,2820
3529,Calls,2820
3529,Calls,3532
3529,Calls,3531
3529,Calls,3531
3529,Calls,3530
3533,Calls,3535
3534,Calls,3535
3540,Calls,3538
3543,Calls,2739
3547,Calls,2739
3548,Calls,2739
3550,Calls,3552
3551,Calls,3552
3561,Calls,3560
3562,Calls,3560
3563,Calls,3560
3564,Calls,3560
3565,Calls,2739
3566,Calls,2739
3568,Calls,2737
3569,Calls,2739
3569,Calls,3568
3570,Calls,2739
3570,Calls,3568
3577,Calls,3581
3579,Calls,2739
3583,Calls,3590
3588,Calls,3583
3592,Calls,2739
3592,Calls,3595
3592,Calls,2739
3592,Calls,3595
3592,Calls,3593
3592,Calls,3592
3601,Calls,2739
3602,Calls,2631
3602,Calls,2643
3602,Calls,2629
3602,Calls,3603
3617,Calls,3612
3617,Calls,3616
3618,Calls,3616
3619,Calls,3616
3621,Calls,2739
3623,Calls,2737
3624,Calls,2737
3626,Calls,3632
3627,Calls,2739
3627,Calls,3633
3627,Calls,3634
3628,Calls,3623
3628,Calls,3632
3629,Calls,2739
3630,Calls,2739
3631,Calls,3630
3632,Calls,2823
3632,Calls,3624
3632,Calls,2824
3632,Calls,3624
3642,Calls,3659
3645,Calls,3649
3645,Calls,3649
3646,Calls,2737
3646,Calls,3647
3647,Calls,2644
3658,Calls,3648
3659,Calls,2626
928,Uses,6
949,Uses,1
980,Uses,29
981,Uses,11
983,Uses,543
984,Uses,544
1001,Uses,28
1007,Uses,599
1007,Uses,30
1008,Uses,599
1008,Uses,10
1008,Uses,31
1009,Uses,599
1010,Uses,599
1011,Uses,599
1013,Uses,599
1014,Uses,599
1028,Uses,29
1028,Uses,856
1028,Uses,857
1029,Uses,29
1031,Uses,31
1031,Uses,856
1031,Uses,857
1032,Uses,31
1034,Uses,30
1034,Uses,856
1034,Uses,857
1035,Uses,30
1040,Uses,40
1041,Uses,776
1042,Uses,36
1042,Uses,706
1045,Uses,779
1046,Uses,779
1047,Uses,779
1055,Uses,706
1056,Uses,706
1058,Uses,706
1059,Uses,706
1060,Uses,706
1061,Uses,706
1062,Uses,706
1063,Uses,706
1064,Uses,706
1065,Uses,706
1066,Uses,706
1067,Uses,706
1068,Uses,706
1069,Uses,706
1070,Uses,706
1071,Uses,706
1072,Uses,706
1073,Uses,706
1079,Uses,706
1081,Uses,706
1084,Uses,48
1094,Uses,220
1097,Uses,168
1098,Uses,168
1099,Uses,856
1106,Uses,220
1115,Uses,706
1121,Uses,233
1121,Uses,68
1122,Uses,62
1124,Uses,706
1129,Uses,588
1133,Uses,706
1134,Uses,706
1135,Uses,706
1136,Uses,706
1156,Uses,627
1156,Uses,110
1157,Uses,60
1161,Uses,60
1166,Uses,110
1195,Uses,597
1209,Uses,82
1210,Uses,706
1210,Uses,72
1211,Uses,706
1211,Uses,76
1212,Uses,81
1213,Uses,73
1214,Uses,77
1215,Uses,79
1216,Uses,80
1217,Uses,74
1218,Uses,75
1220,Uses,706
1221,Uses,706
1222,Uses,706
1222,Uses,91
1223,Uses,706
1223,Uses,91
1224,Uses,91
1227,Uses,66
1229,Uses,706
1232,Uses,63
1232,Uses,706
1236,Uses,706
1238,Uses,63
1239,Uses,66
1255,Uses,233
1257,Uses,706
1258,Uses,706
1258,Uses,62
1259,Uses,706
1260,Uses,62
1260,Uses,706
1260,Uses,68
1271,Uses,706
1275,Uses,863
1276,Uses,66
1283,Uses,706
1292,Uses,68
1296,Uses,68
1297,Uses,706
1299,Uses,706
1308,Uses,149
1308,Uses,93
1308,Uses,95
1309,Uses,149
1311,Uses,149
1312,Uses,125
1312,Uses,28
1313,Uses,28
1315,Uses,223
1315,Uses,694
1316,Uses,706
1316,Uses,694
1318,Uses,694
1319,Uses,694
1320,Uses,694
1321,Uses,694
1322,Uses,694
1324,Uses,694
1326,Uses,678
1327,Uses,678
1327,Uses,336
1328,Uses,678
1333,Uses,702
1334,Uses,702
1335,Uses,702
1336,Uses,702
1337,Uses,702
1338,Uses,702
1339,Uses,702
1340,Uses,702
1341,Uses,702
1342,Uses,702
1343,Uses,694
1352,Uses,706
1352,Uses,677
1352,Uses,678
1355,Uses,126
1356,Uses,671
1357,Uses,706
1358,Uses,706
1359,Uses,706
1363,Uses,702
1363,Uses,677
1366,Uses,223
1367,Uses,702
1372,Uses,137
1373,Uses,137
1374,Uses,137
1375,Uses,137
1375,Uses,139
1377,Uses,137
1377,Uses,140
1379,Uses,145
1379,Uses,149
1379,Uses,845
1396,Uses,677
1399,Uses,694
1399,Uses,706
1399,Uses,702
1399,Uses,777
1400,Uses,694
1400,Uses,777
1400,Uses,702
1401,Uses,694
1401,Uses,706
1401,Uses,702
1401,Uses,777
1402,Uses,694
1402,Uses,777
1402,Uses,702
1403,Uses,149
1403,Uses,702
1404,Uses,149
1404,Uses,702
1405,Uses,149
1405,Uses,145
1405,Uses,702
1405,Uses,694
1408,Uses,678
1408,Uses,677
1408,Uses,694
1408,Uses,702
1408,Uses,706
1409,Uses,694
1410,Uses,694
1411,Uses,694
1412,Uses,694
1416,Uses,149
1417,Uses,149
1417,Uses,342
1417,Uses,694
1417,Uses,702
1418,Uses,149
1419,Uses,149
1419,Uses,198
1423,Uses,294
1424,Uses,149
1424,Uses,342
1425,Uses,149
1426,Uses,149
1427,Uses,149
1427,Uses,342
1428,Uses,149
1431,Uses,168
1432,Uses,149
1433,Uses,149
1434,Uses,149
1434,Uses,671
1434,Uses,702
1434,Uses,145
1434,Uses,706
1435,Uses,149
1435,Uses,702
1435,Uses,145
1456,Uses,168
1463,Uses,40
1468,Uses,98
1468,Uses,95
1468,Uses,97
1474,Uses,189
1475,Uses,189
1476,Uses,183
1477,Uses,189
1478,Uses,189
1478,Uses,201
1478,Uses,204
1478,Uses,188
1479,Uses,189
1480,Uses,189
1480,Uses,204
1480,Uses,188
1481,Uses,189
1482,Uses,189
1482,Uses,204
1482,Uses,193
1483,Uses,336
1483,Uses,195
1483,Uses,197
1485,Uses,189
1485,Uses,204
1486,Uses,197
1493,Uses,678
1496,Uses,336
1497,Uses,189
1498,Uses,189
1499,Uses,189
1500,Uses,189
1500,Uses,204
1500,Uses,193
1501,Uses,223
1504,Uses,606
1505,Uses,588
1505,Uses,196
1506,Uses,189
1506,Uses,588
1506,Uses,196
1510,Uses,168
1516,Uses,125
1517,Uses,125
1522,Uses,171
1523,Uses,198
1523,Uses,199
1525,Uses,297
1530,Uses,188
1530,Uses,199
1538,Uses,187
1540,Uses,187
1540,Uses,222
1542,Uses,222
1548,Uses,176
1548,Uses,173
1549,Uses,173
1549,Uses,176
1553,Uses,176
1554,Uses,171
1561,Uses,169
1562,Uses,171
1570,Uses,172
1571,Uses,215
1572,Uses,179
1572,Uses,215
1573,Uses,181
1574,Uses,172
1575,Uses,181
1575,Uses,327
1575,Uses,290
1576,Uses,183
1577,Uses,177
1578,Uses,189
1578,Uses,180
1579,Uses,189
1579,Uses,180
1579,Uses,179
1579,Uses,181
1579,Uses,177
1579,Uses,175
1581,Uses,175
1582,Uses,189
1582,Uses,175
1584,Uses,175
1585,Uses,175
1586,Uses,175
1588,Uses,168
1590,Uses,185
1590,Uses,178
1591,Uses,178
1599,Uses,588
1600,Uses,189
1600,Uses,588
1603,Uses,588
1605,Uses,204
1606,Uses,204
1607,Uses,204
1608,Uses,204
1608,Uses,189
1608,Uses,180
1609,Uses,204
1610,Uses,204
1611,Uses,204
1611,Uses,189
1611,Uses,180
1612,Uses,204
1613,Uses,204
1614,Uses,204
1616,Uses,204
1617,Uses,204
1617,Uses,189
1618,Uses,204
1619,Uses,204
1620,Uses,204
1622,Uses,189
1622,Uses,204
1623,Uses,189
1623,Uses,204
1624,Uses,189
1625,Uses,198
1631,Uses,204
1631,Uses,189
1632,Uses,204
1633,Uses,204
1634,Uses,204
1634,Uses,189
1634,Uses,194
1634,Uses,175
1636,Uses,189
1637,Uses,198
1641,Uses,189
1641,Uses,204
1642,Uses,189
1642,Uses,180
1643,Uses,189
1644,Uses,189
1644,Uses,180
1645,Uses,180
1646,Uses,189
1646,Uses,204
1646,Uses,180
1647,Uses,189
1648,Uses,204
1648,Uses,189
1648,Uses,229
1648,Uses,194
1649,Uses,204
1650,Uses,204
1651,Uses,204
1651,Uses,189
1651,Uses,195
1652,Uses,204
1652,Uses,189
1653,Uses,204
1653,Uses,189
1653,Uses,181
1655,Uses,204
1655,Uses,171
1656,Uses,171
1657,Uses,173
1658,Uses,204
1660,Uses,204
1661,Uses,204
1664,Uses,845
1664,Uses,856
1664,Uses,857
1668,Uses,261
1668,Uses,263
1669,Uses,261
1669,Uses,263
1670,Uses,261
1670,Uses,263
1670,Uses,269
1671,Uses,261
1671,Uses,263
1671,Uses,269
1672,Uses,261
1672,Uses,263
1673,Uses,269
1674,Uses,269
1675,Uses,261
1677,Uses,269
1677,Uses,261
1678,Uses,269
1679,Uses,268
1680,Uses,268
1681,Uses,268
1683,Uses,269
1684,Uses,242
1685,Uses,242
1686,Uses,242
1687,Uses,261
1692,Uses,270
1692,Uses,583
1699,Uses,238
1699,Uses,914
1701,Uses,274
1726,Uses,914
1729,Uses,269
1736,Uses,269
1736,Uses,268
1737,Uses,269
1737,Uses,268
1738,Uses,269
1738,Uses,261
1742,Uses,261
1744,Uses,261
1745,Uses,269
1745,Uses,261
1746,Uses,269
1746,Uses,261
1747,Uses,706
1750,Uses,261
1753,Uses,274
1757,Uses,274
1759,Uses,279
1760,Uses,279
1761,Uses,274
1762,Uses,279
1766,Uses,274
1766,Uses,863
1769,Uses,853
1776,Uses,256
1781,Uses,254
1781,Uses,279
1782,Uses,614
1786,Uses,255
1787,Uses,614
1787,Uses,254
1798,Uses,274
1800,Uses,279
1801,Uses,279
1802,Uses,274
1805,Uses,863
1809,Uses,279
1817,Uses,282
1821,Uses,281
1826,Uses,842
1826,Uses,847
1827,Uses,281
1829,Uses,811
1830,Uses,811
1831,Uses,811
1831,Uses,808
1832,Uses,811
1832,Uses,808
1832,Uses,809
1834,Uses,811
1843,Uses,811
1843,Uses,808
1844,Uses,811
1844,Uses,808
1844,Uses,809
1845,Uses,811
1851,Uses,323
1852,Uses,323
1855,Uses,323
1856,Uses,323
1858,Uses,323
1859,Uses,323
1861,Uses,811
1861,Uses,808
1862,Uses,811
1862,Uses,808
1862,Uses,809
1863,Uses,811
1876,Uses,597
1876,Uses,306
1876,Uses,304
1877,Uses,597
1882,Uses,597
1885,Uses,597
1886,Uses,597
1895,Uses,261
1896,Uses,261
1897,Uses,324
1926,Uses,295
1931,Uses,863
1931,Uses,286
1932,Uses,588
1934,Uses,588
1936,Uses,588
1937,Uses,328
1938,Uses,328
1941,Uses,327
1941,Uses,290
1942,Uses,290
1943,Uses,317
1943,Uses,706
1943,Uses,290
1944,Uses,336
1948,Uses,336
1950,Uses,149
1950,Uses,341
1953,Uses,341
1954,Uses,341
1955,Uses,341
1956,Uses,341
1957,Uses,341
1958,Uses,341
1967,Uses,19
1969,Uses,349
1969,Uses,347
1981,Uses,351
1982,Uses,351
1995,Uses,350
1997,Uses,350
2010,Uses,350
2011,Uses,351
2013,Uses,351
2023,Uses,354
2024,Uses,351
2025,Uses,351
2035,Uses,356
2039,Uses,585
2040,Uses,585
2041,Uses,585
2042,Uses,585
2047,Uses,585
2048,Uses,585
2049,Uses,585
2050,Uses,585
2052,Uses,585
2052,Uses,863
2053,Uses,863
2054,Uses,863
2055,Uses,863
2058,Uses,585
2059,Uses,585
2059,Uses,863
2061,Uses,585
2065,Uses,585
2068,Uses,189
2068,Uses,186
2069,Uses,189
2070,Uses,588
2071,Uses,424
2077,Uses,12
2081,Uses,588
2081,Uses,863
2083,Uses,215
2086,Uses,261
2087,Uses,261
2088,Uses,269
2088,Uses,268
2089,Uses,268
2090,Uses,269
2091,Uses,268
2097,Uses,48
2103,Uses,585
2132,Uses,706
2138,Uses,694
2140,Uses,209
2140,Uses,777
2144,Uses,694
2146,Uses,14
2161,Uses,383
2163,Uses,834
2168,Uses,834
2169,Uses,834
2172,Uses,834
2173,Uses,834
2174,Uses,834
2189,Uses,834
2190,Uses,401
2191,Uses,408
2192,Uses,403
2192,Uses,408
2193,Uses,410
2193,Uses,408
2201,Uses,410
2201,Uses,408
2202,Uses,408
2202,Uses,410
2203,Uses,408
2203,Uses,410
2205,Uses,409
2207,Uses,408
2209,Uses,403
2210,Uses,403
2211,Uses,403
2213,Uses,402
2214,Uses,402
2215,Uses,408
2216,Uses,408
2217,Uses,410
2218,Uses,410
2219,Uses,410
2220,Uses,405
2221,Uses,405
2222,Uses,401
2223,Uses,401
2224,Uses,408
2225,Uses,408
2226,Uses,408
2240,Uses,401
2240,Uses,408
2240,Uses,403
2240,Uses,223
2241,Uses,401
2241,Uses,408
2241,Uses,403
2243,Uses,863
2244,Uses,706
2244,Uses,411
2244,Uses,863
2245,Uses,223
2245,Uses,36
2286,Uses,223
2289,Uses,863
2292,Uses,863
2297,Uses,706
2298,Uses,706
2310,Uses,863
2310,Uses,268
2320,Uses,588
2326,Uses,706
2333,Uses,863
2333,Uses,269
2340,Uses,125
2346,Uses,834
2350,Uses,323
2354,Uses,863
2355,Uses,706
2355,Uses,863
2364,Uses,706
2369,Uses,36
2370,Uses,223
2372,Uses,694
2373,Uses,223
2380,Uses,678
2387,Uses,863
2389,Uses,400
2390,Uses,400
2391,Uses,400
2392,Uses,216
2392,Uses,223
2399,Uses,185
2402,Uses,424
2409,Uses,185
2445,Uses,450
2450,Uses,465
2450,Uses,460
2455,Uses,461
2455,Uses,466
2461,Uses,495
2463,Uses,590
2469,Uses,510
2470,Uses,510
2492,Uses,627
2509,Uses,527
2513,Uses,541
2520,Uses,914
2521,Uses,540
2521,Uses,914
2523,Uses,917
2524,Uses,914
2534,Uses,559
2534,Uses,555
2535,Uses,559
2541,Uses,556
2543,Uses,559
2544,Uses,559
2545,Uses,559
2546,Uses,559
2549,Uses,559
2549,Uses,555
2550,Uses,863
2562,Uses,558
2563,Uses,559
2564,Uses,559
2564,Uses,555
2568,Uses,863
2578,Uses,863
2585,Uses,585
2588,Uses,585
2623,Uses,627
2626,Uses,789
2627,Uses,789
2628,Uses,789
2630,Uses,789
2642,Uses,627
2655,Uses,863
2666,Uses,677
2667,Uses,677
2671,Uses,677
2674,Uses,694
2674,Uses,702
2674,Uses,706
2675,Uses,694
2675,Uses,702
2675,Uses,706
2676,Uses,694
2676,Uses,702
2676,Uses,706
2677,Uses,694
2677,Uses,702
2677,Uses,706
2678,Uses,694
2678,Uses,702
2678,Uses,706
2679,Uses,694
2679,Uses,702
2679,Uses,706
2683,Uses,710
2683,Uses,711
2684,Uses,710
2684,Uses,715
2687,Uses,712
2688,Uses,712
2691,Uses,716
2692,Uses,716
2693,Uses,724
2696,Uses,746
2697,Uses,746
2699,Uses,588
2710,Uses,758
2715,Uses,759
2716,Uses,759
2720,Uses,763
2726,Uses,765
2742,Uses,597
2744,Uses,597
2745,Uses,597
2747,Uses,597
2754,Uses,597
2757,Uses,597
2758,Uses,597
2762,Uses,863
2763,Uses,863
2764,Uses,863
2769,Uses,794
2774,Uses,799
2774,Uses,794
2775,Uses,794
2789,Uses,794
2790,Uses,794
2791,Uses,794
2792,Uses,794
2793,Uses,799
2793,Uses,794
2795,Uses,794
2795,Uses,798
2796,Uses,798
2798,Uses,811
2798,Uses,808
2799,Uses,811
2801,Uses,810
2801,Uses,559
2801,Uses,811
2805,Uses,559
2835,Uses,824
2842,Uses,824
2845,Uses,824
2850,Uses,824
2851,Uses,827
2853,Uses,826
2853,Uses,901
2854,Uses,901
2857,Uses,826
2859,Uses,826
2860,Uses,825
2861,Uses,559
2864,Uses,825
2874,Uses,826
2875,Uses,826
2876,Uses,827
2877,Uses,827
2881,Uses,827
2884,Uses,831
2885,Uses,831
2893,Uses,831
2894,Uses,831
2895,Uses,831
2912,Uses,853
2912,Uses,851
2912,Uses,590
2913,Uses,853
2913,Uses,851
2913,Uses,854
2913,Uses,590
2915,Uses,590
2922,Uses,853
2922,Uses,854
2923,Uses,853
2927,Uses,853
2927,Uses,851
2927,Uses,590
2928,Uses,853
2928,Uses,851
2931,Uses,851
2931,Uses,590
2932,Uses,853
2936,Uses,853
2937,Uses,853
2940,Uses,853
2943,Uses,853
2943,Uses,590
2943,Uses,851
2945,Uses,853
2945,Uses,590
2945,Uses,851
2946,Uses,590
2948,Uses,853
2949,Uses,853
2950,Uses,853
2957,Uses,853
2958,Uses,853
2966,Uses,858
2966,Uses,857
2967,Uses,858
2968,Uses,858
2968,Uses,856
2969,Uses,858
2969,Uses,710
2969,Uses,856
2970,Uses,858
2970,Uses,914
2977,Uses,436
2983,Uses,863
2987,Uses,863
2987,Uses,735
3003,Uses,863
3003,Uses,782
3003,Uses,436
3003,Uses,908
3003,Uses,867
3011,Uses,782
3033,Uses,888
3041,Uses,694
3059,Uses,863
3059,Uses,436
3073,Uses,825
3099,Uses,825
3118,Uses,906
3119,Uses,906
3128,Uses,906
3129,Uses,906
3130,Uses,906
3131,Uses,906
3132,Uses,906
3133,Uses,906
3134,Uses,906
3135,Uses,906
3137,Uses,906
3138,Uses,906
3139,Uses,906
3140,Uses,906
3141,Uses,906
3142,Uses,906
3153,Uses,585
3154,Uses,863
3155,Uses,863
3159,Uses,863
3161,Uses,863
3162,Uses,863
3163,Uses,863
3164,Uses,863
3166,Uses,863
3167,Uses,863
3170,Uses,863
3171,Uses,863
3172,Uses,909
3173,Uses,909
3177,Uses,880
3179,Persists,24
3185,Persists,9
3191,Persists,7
3197,Persists,23
3199,Persists,23
3208,Persists,23
3209,Persists,23
3210,Persists,23
3219,Persists,27
3222,Persists,15
3224,Persists,24
3228,Persists,16
3236,Persists,12
3245,Persists,25
3246,Persists,25
3247,Persists,25
3249,Persists,25
3254,Persists,47
3259,Persists,55
3263,Persists,168
3264,Persists,168
3267,Persists,23
3267,Persists,220
3269,Persists,168
3269,Persists,220
3273,Persists,100
3275,Persists,220
3275,Persists,100
3283,Persists,114
3286,Persists,114
3286,Persists,220
3287,Persists,220
3306,Persists,110
3307,Persists,110
3313,Persists,107
3316,Persists,130
3320,Persists,132
3331,Persists,140
3336,Persists,137
3338,Persists,141
3340,Persists,137
3341,Persists,137
3344,Persists,151
3354,Persists,218
3357,Persists,213
3360,Persists,171
3367,Persists,220
3369,Persists,220
3370,Persists,168
3370,Persists,220
3371,Persists,168
3371,Persists,220
3379,Persists,223
3382,Persists,220
3383,Persists,220
3384,Persists,220
3387,Persists,627
3392,Persists,220
3394,Persists,229
3396,Persists,170
3402,Persists,220
3403,Persists,229
3404,Persists,168
3404,Persists,220
3406,Persists,227
3407,Persists,227
3415,Persists,169
3419,Persists,275
3422,Persists,271
3422,Persists,260
3423,Persists,320
3425,Persists,260
3426,Persists,267
3427,Persists,267
3429,Persists,264
3430,Persists,264
3431,Persists,271
3431,Persists,264
3432,Persists,271
3432,Persists,264
3434,Persists,271
3434,Persists,270
3435,Persists,270
3436,Persists,274
3436,Persists,270
3438,Persists,271
3438,Persists,264
3444,Persists,279
3444,Persists,863
3444,Persists,320
3444,Persists,276
3444,Persists,306
3445,Persists,278
3445,Persists,306
3450,Persists,273
3453,Persists,271
3453,Persists,273
3457,Persists,303
3462,Persists,303
3466,Persists,303
3470,Persists,588
3472,Persists,303
3475,Persists,306
3476,Persists,306
3482,Persists,306
3484,Persists,306
3485,Persists,306
3490,Persists,588
3494,Persists,320
3496,Persists,320
3499,Persists,306
3500,Persists,261
3501,Persists,261
3501,Persists,320
3502,Persists,261
3503,Persists,261
3503,Persists,316
3505,Persists,261
3506,Persists,261
3507,Persists,306
3509,Persists,295
3513,Persists,588
3517,Persists,320
3520,Persists,320
3521,Persists,320
3524,Persists,304
3525,Persists,317
3526,Persists,328
3526,Persists,322
3527,Persists,328
3528,Persists,317
3528,Persists,304
3529,Persists,322
3529,Persists,303
3535,Persists,315
3544,Persists,530
3545,Persists,531
3549,Persists,530
3552,Persists,530
3573,Persists,762
3576,Persists,762
3577,Persists,762
3577,Persists,863
3581,Persists,863
3582,Persists,761
3584,Persists,760
3587,Persists,759
3588,Persists,759
3602,Persists,627
3603,Persists,863
3604,Persists,823
3605,Persists,822
3606,Persists,824
3606,Persists,822
3609,Persists,822
3610,Persists,822
3611,Persists,822
3612,Persists,824
3612,Persists,822
3614,Persists,822
3615,Persists,824
3615,Persists,822
3617,Persists,824
3617,Persists,823
3617,Persists,822
3618,Persists,823
3618,Persists,822
3619,Persists,823
3619,Persists,822
3623,Persists,853
3624,Persists,853
3625,Persists,854
3626,Persists,853
3626,Persists,854
3627,Persists,853
3627,Persists,854
3628,Persists,853
3629,Persists,853
3629,Persists,854
3630,Persists,853
3630,Persists,854
3631,Persists,853
3631,Persists,590
3632,Persists,853
3637,Persists,855
3647,Persists,627
0,Extends,589
2,References,2
2,References,2
2,References,2
2,References,2
2,References,2
2,References,2
2,References,2
2,References,2
2,References,2
2,References,2
2,References,2
2,References,2
2,References,2
2,References,2
2,References,2
2,References,2
2,References,2
2,References,2
2,References,2
2,References,2
2,References,2
3,References,3
3,References,3
3,References,3
3,References,3
22,References,22
22,References,22
22,References,22
23,References,560
23,References,785
25,References,791
29,Extends,840
30,Extends,840
31,Extends,840
36,References,706
148,Extends,149
46,References,46
46,References,46
46,References,46
46,References,46
46,References,46
46,References,46
53,Extends,589
54,Extends,589
58,Extends,589
59,Extends,589
60,References,60
61,References,61
63,References,706
64,References,64
65,References,68
65,Extends,68
68,References,706
69,References,69
70,References,70
72,References,706
73,References,62
73,References,68
73,References,706
74,Extends,78
75,References,706
75,References,706
75,References,706
75,Extends,78
76,References,706
77,References,706
77,References,706
77,References,706
77,Extends,78
79,References,706
79,References,706
79,References,706
79,Extends,78
80,References,706
83,References,83
83,References,83
83,References,83
84,References,84
84,References,84
84,References,84
84,References,84
84,References,84
85,References,85
85,References,85
85,References,85
85,References,85
86,References,86
86,References,86
86,References,86
86,References,86
87,References,87
87,References,87
87,References,87
87,References,87
87,References,87
88,References,88
88,References,88
88,References,88
88,References,88
88,References,88
88,References,88
89,References,89
89,References,89
89,References,89
90,References,90
90,References,90
90,References,90
90,References,90
90,References,90
91,References,91
91,References,91
91,References,91
91,References,91
93,References,93
93,References,93
93,References,93
95,Extends,96
96,Extends,145
97,Extends,96
98,Extends,96
100,References,791
105,References,791
108,References,706
108,References,706
110,References,791
117,References,706
117,References,706
119,References,101
120,Extends,589
122,References,791
123,References,123
123,References,123
123,References,123
123,References,123
124,References,124
124,References,124
124,References,124
124,References,124
124,References,124
124,References,124
125,References,28
126,References,126
126,References,126
126,References,126
126,References,126
126,References,126
126,References,126
126,References,126
126,References,126
127,Extends,777
128,Extends,777
777,Extends,913
130,References,791
132,References,791
137,References,137
137,References,137
138,References,138
138,References,138
138,References,138
138,References,138
139,References,139
139,References,139
139,References,139
139,References,139
145,Extends,913
146,Extends,149
150,Extends,589
151,References,791
154,Extends,153
155,Extends,213
156,Extends,153
157,Extends,213
158,Extends,213
159,Extends,589
160,Extends,731
161,Extends,589
162,Extends,589
163,Extends,834
165,Extends,589
166,References,166
166,References,166
166,References,166
167,References,167
167,References,167
167,References,167
168,References,168
168,References,168
168,References,168
168,References,168
168,References,168
168,References,168
168,References,168
168,References,168
169,References,169
169,References,169
169,References,169
169,References,169
169,References,169
169,References,169
169,References,169
169,References,169
170,References,170
170,References,170
170,References,170
170,References,170
170,References,170
170,References,170
171,References,171
171,References,171
171,References,171
171,References,171
171,References,171
171,References,171
172,References,706
172,References,706
174,References,189
175,References,175
175,References,706
175,Extends,184
176,References,173
176,References,171
177,References,706
177,References,706
179,Extends,172
180,Extends,189
181,Extends,172
182,References,181
182,References,706
182,References,706
183,Extends,181
184,Extends,189
189,References,706
189,References,706
189,References,189
191,Extends,190
203,Extends,204
204,References,189
205,Extends,589
210,Extends,229
211,Extends,210
214,References,214
214,References,214
214,References,214
214,References,214
214,References,214
214,References,214
214,References,214
214,References,214
216,Extends,840
217,Extends,229
220,References,560
220,References,785
220,References,188
225,Extends,210
229,References,560
237,Extends,589
240,References,238
241,Extends,589
243,References,238
244,References,238
246,References,246
246,Extends,251
247,Extends,251
248,Extends,251
249,Extends,251
250,References,251
253,References,253
254,References,279
255,References,238
257,Extends,589
263,References,269
269,References,268
271,References,271
271,References,271
271,References,271
271,References,271
271,References,271
271,References,271
271,References,271
271,References,271
271,References,271
274,References,274
274,References,274
274,References,274
274,References,274
274,References,274
274,References,274
274,References,274
274,References,274
274,References,274
274,References,274
274,References,274
274,References,274
274,References,274
274,References,274
274,References,274
274,References,274
274,References,274
274,References,274
274,References,274
274,References,274
274,References,274
274,References,274
274,References,274
274,References,274
280,Extends,589
282,References,282
282,References,282
282,References,282
282,References,282
283,References,283
283,References,283
283,References,283
283,References,283
287,Extends,589
288,Extends,589
289,References,289
289,References,290
290,References,706
290,References,706
290,References,706
291,References,706
291,References,706
292,References,292
293,References,293
293,References,293
293,References,293
293,References,293
293,References,293
293,References,293
293,References,293
293,References,293
293,References,293
293,References,293
293,References,293
294,References,294
294,References,294
294,References,294
294,References,294
295,References,295
295,References,295
295,References,295
296,References,296
296,References,296
297,References,297
297,References,297
298,References,298
298,References,298
298,References,298
302,Extends,320
303,References,301
303,References,309
305,References,290
306,References,791
319,References,319
319,References,319
319,References,319
319,References,319
320,References,791
323,References,319
325,Extends,818
329,Extends,589
330,Extends,589
331,Extends,589
333,Extends,339
336,Extends,913
337,Extends,339
338,References,568
340,References,188
342,Extends,336
345,Extends,589
346,Extends,589
358,Extends,589
359,Extends,589
361,References,136
361,Extends,869
362,References,361
362,Extends,878
363,Extends,589
366,Extends,897
367,Extends,366
368,Extends,374
369,Extends,374
370,Extends,897
371,Extends,589
372,Extends,374
373,Extends,374
374,Extends,897
375,Extends,589
376,Extends,897
378,Extends,897
379,Extends,388
381,Extends,384
382,Extends,897
384,Extends,897
385,Extends,897
387,Extends,897
388,Extends,897
389,Extends,897
390,Extends,385
391,Extends,385
392,Extends,395
395,Extends,897
396,Extends,897
397,Extends,897
398,Extends,897
400,References,400
400,References,400
400,References,400
400,References,400
404,References,187
411,References,412
411,References,413
412,References,412
412,References,412
412,References,412
412,References,412
412,References,412
413,References,413
413,References,413
413,References,413
413,References,413
420,Extends,589
423,Extends,589
427,Extends,859
428,Extends,430
429,Extends,859
431,Extends,859
432,Extends,589
434,Extends,589
437,Extends,439
441,Extends,447
443,Extends,450
444,References,445
445,References,444
446,Extends,450
448,Extends,450
449,Extends,450
451,Extends,450
452,Extends,450
453,Extends,450
454,References,440
457,Extends,455
461,Extends,458
462,Extends,455
463,Extends,460
466,Extends,458
469,Extends,479
470,Extends,469
471,Extends,473
472,Extends,471
473,Extends,479
475,Extends,479
476,Extends,479
477,Extends,469
478,Extends,473
480,Extends,479
481,Extends,469
482,Extends,469
485,References,505
489,Extends,465
490,References,490
493,References,491
494,Extends,501
497,References,568
497,Extends,501
498,Extends,503
499,Extends,501
500,References,568
503,References,495
503,Extends,501
504,Extends,501
505,References,495
505,Extends,501
506,References,507
506,Extends,501
513,References,518
514,Extends,517
515,References,518
516,Extends,514
517,References,513
519,Extends,520
520,References,520
520,Extends,517
521,Extends,514
523,Extends,520
526,Extends,589
527,References,527
528,References,528
528,References,528
528,References,528
530,References,791
531,References,791
540,Extends,914
543,Extends,544
553,References,553
553,References,553
553,References,553
553,References,553
553,References,553
553,References,553
553,References,553
553,References,553
553,References,553
558,References,558
558,References,558
558,References,558
558,References,558
558,References,558
561,Extends,562
569,Extends,571
572,Extends,571
577,References,568
578,References,578
579,References,579
579,References,579
579,References,579
579,References,579
579,References,579
579,References,579
580,Extends,589
585,References,586
586,References,586
586,References,586
586,References,586
586,References,586
586,References,586
586,References,586
591,References,593
594,Extends,592
598,Extends,589
610,References,610
610,References,610
610,References,610
618,Extends,589
648,References,648
648,References,648
648,References,648
648,References,648
648,References,648
651,References,568
652,References,568
653,References,568
654,References,568
656,References,656
656,Extends,656
660,References,791
661,References,661
666,References,661
666,References,665
666,References,659
667,References,667
667,References,667
667,References,667
668,References,668
668,References,668
668,References,668
668,References,668
668,References,668
669,References,669
669,References,669
669,References,669
669,References,669
669,References,669
669,References,669
669,References,669
669,References,669
669,References,669
669,References,669
669,References,669
669,References,669
669,References,669
669,References,669
669,References,669
669,References,669
669,References,669
669,References,669
669,References,669
669,References,669
669,References,669
670,References,673
671,References,671
671,References,671
671,References,671
671,References,671
671,References,671
671,References,671
671,References,671
671,References,671
671,References,671
671,References,671
671,References,671
672,References,672
672,References,672
672,References,672
675,References,675
675,References,675
675,References,675
675,References,675
675,References,675
675,References,675
675,References,675
675,References,675
677,References,677
677,References,677
677,References,677
678,References,678
678,References,678
678,References,678
678,References,678
678,References,678
678,References,678
678,References,678
678,References,678
678,References,678
678,References,678
678,References,678
678,References,678
678,References,678
678,References,678
678,References,678
694,References,694
694,References,694
694,References,694
694,References,694
694,References,694
694,References,694
694,References,694
694,References,700
694,References,678
694,References,668
700,References,694
702,References,702
702,References,702
702,References,702
702,References,702
702,References,702
702,References,702
702,References,677
702,References,678
702,References,671
702,References,706
706,References,706
710,References,719
711,Extends,710
714,References,716
717,References,717
717,References,717
717,References,717
717,References,717
718,Extends,716
730,References,731
730,Extends,731
731,References,732
733,References,733
733,References,733
733,References,733
733,References,733
733,References,733
733,References,733
733,References,733
733,References,733
733,References,733
733,References,733
733,References,733
733,References,733
733,References,733
734,References,734
734,References,734
734,References,734
734,References,734
734,References,734
734,References,734
734,References,734
734,References,734
734,References,734
734,References,734
734,References,734
734,References,734
734,References,734
734,References,734
734,References,734
734,References,734
734,References,734
734,References,734
734,References,734
734,References,734
734,References,734
734,References,734
734,References,734
734,References,734
734,References,734
734,References,734
734,References,734
734,References,734
734,References,734
734,References,734
734,References,734
734,References,734
734,References,734
736,References,736
736,References,736
736,References,736
736,References,736
736,References,736
736,References,736
736,References,736
736,References,736
736,References,736
736,References,736
736,References,736
736,References,736
736,References,736
736,References,736
736,References,736
736,References,736
736,References,736
736,References,736
736,References,736
736,References,736
736,References,736
736,References,736
736,References,736
736,References,736
736,References,736
736,References,736
736,References,736
736,References,736
736,References,736
736,References,736
736,References,736
736,References,736
736,References,736
736,References,736
736,References,736
736,References,736
736,References,736
736,References,736
736,References,736
736,References,736
736,References,736
736,References,736
736,References,736
736,References,736
736,References,736
736,References,736
736,References,736
736,References,736
736,References,736
736,References,736
736,References,736
736,References,736
736,References,736
736,References,736
736,References,736
736,References,736
736,References,736
736,References,736
736,References,736
736,References,736
736,References,736
737,References,737
737,References,737
737,References,737
737,References,737
737,References,737
737,References,737
737,References,737
737,References,737
739,References,739
739,References,739
739,References,739
739,References,739
739,References,739
739,References,739
739,References,739
739,References,739
739,References,739
739,References,739
739,References,739
739,References,739
739,References,739
739,References,739
739,References,739
739,References,739
739,References,739
739,References,739
739,References,739
739,References,739
739,References,739
739,References,739
739,References,739
739,References,739
739,References,739
752,Extends,749
755,Extends,749
757,Extends,589
758,References,758
758,References,758
758,References,758
758,References,758
758,References,758
758,References,758
759,References,759
759,References,759
759,References,759
759,References,759
759,References,759
759,References,759
759,References,759
760,References,560
760,References,791
764,References,791
768,References,774
771,References,710
773,References,773
774,References,774
774,References,774
774,References,774
774,References,774
775,References,775
778,Extends,779
780,Extends,776
789,References,789
789,References,789
789,References,789
789,References,789
794,References,797
794,References,797
796,References,796
806,References,805
807,References,808
808,References,809
811,References,559
811,References,807
812,References,812
812,References,812
812,References,812
812,References,812
812,References,812
812,References,812
813,References,813
813,References,813
813,References,813
813,References,813
813,References,813
813,References,813
813,References,813
813,References,813
813,References,813
813,References,813
813,References,813
813,References,813
814,References,814
814,References,814
814,References,814
814,References,814
814,References,814
814,References,814
814,References,814
814,References,814
815,Extends,760
817,Extends,818
823,References,791
824,References,824
824,References,824
824,References,824
824,References,824
824,References,824
830,Extends,589
834,References,732
835,Extends,834
838,Extends,840
841,Extends,840
843,Extends,840
845,Extends,840
846,Extends,840
847,References,842
847,Extends,840
848,References,848
851,References,590
851,References,590
852,References,852
852,References,852
852,References,852
852,References,852
852,References,852
852,References,852
852,References,852
852,References,852
853,References,853
853,References,853
853,References,853
853,References,853
853,References,853
853,References,853
853,References,853
853,References,853
853,References,853
853,References,853
853,References,853
853,References,853
853,References,853
853,References,853
853,References,853
853,References,853
853,References,853
853,References,853
853,References,853
853,References,853
853,References,853
853,References,853
853,References,853
853,References,853
853,References,853
853,References,853
853,References,853
853,References,853
856,References,719
856,Extends,858
857,Extends,858
860,Extends,589
863,References,863
867,References,867
870,Extends,589
886,Extends,902
889,Extends,897
890,Extends,897
891,Extends,589
892,Extends,589
893,Extends,589
894,References,894
894,References,894
894,References,894
894,References,894
894,References,894
900,Extends,589
907,References,907
907,References,907
907,References,907
907,References,907
907,References,907
917,Extends,914
3188,Calls,3657
3196,Calls,3658
3198,Calls,3659
3205,Calls,3659
3216,Calls,3660
3216,Calls,3660
3216,Calls,3661
3220,Calls,3662
3226,Calls,3663
3229,Calls,3664
3229,Calls,3664
3229,Calls,3665
3230,Calls,3664
3230,Calls,3664
3230,Calls,3665
3233,Calls,3666
3237,Calls,3667
3244,Calls,3668
3256,Calls,3669
3257,Calls,3670
3260,Calls,3670
3267,Calls,3671
3269,Calls,3671
3270,Calls,3672
3274,Calls,3672
3280,Calls,3673
3284,Calls,3674
3284,Calls,3674
3284,Calls,3675
3286,Calls,3676
3289,Calls,3674
3289,Calls,3675
3290,Calls,3674
3290,Calls,3677
3294,Calls,3678
3295,Calls,3678
3296,Calls,3678
3297,Calls,3678
3298,Calls,3678
3299,Calls,3678
3300,Calls,3678
3301,Calls,3678
3302,Calls,3678
3303,Calls,3678
3310,Calls,3679
3318,Calls,3680
3319,Calls,3680
3321,Calls,3680
3324,Calls,3681
3325,Calls,3681
3326,Calls,3681
3334,Calls,3682
3335,Calls,3682
3340,Calls,3683
3351,Calls,3684
3364,Calls,3685
3368,Calls,3686
3368,Calls,3687
3381,Calls,3688
3382,Calls,3689
3384,Calls,3689
3386,Calls,3690
3395,Calls,3691
3397,Calls,3692
3399,Calls,3692
3400,Calls,3692
3402,Calls,3693
3419,Calls,3694
3423,Calls,3695
3423,Calls,3695
3423,Calls,3695
3427,Calls,3696
3458,Calls,3697
3458,Calls,3698
3459,Calls,3697
3459,Calls,3698
3464,Calls,3699
3477,Calls,3700
3477,Calls,3701
3489,Calls,3702
3495,Calls,3703
3495,Calls,3704
3505,Calls,3705
3505,Calls,3706
3505,Calls,3707
3505,Calls,3707
3506,Calls,3707
3506,Calls,3707
3506,Calls,3707
3506,Calls,3708
3517,Calls,3709
3530,Calls,3710
3531,Calls,3710
3542,Calls,3711
3542,Calls,3712
3543,Calls,3713
3546,Calls,3714
3546,Calls,3715
3547,Calls,3713
3548,Calls,3713
3555,Calls,3715
3571,Calls,3716
3571,Calls,3717
3572,Calls,3716
3572,Calls,3716
3572,Calls,3717
3577,Calls,3718
3577,Calls,3719
3579,Calls,3720
3601,Calls,3721
3607,Calls,3722
3607,Calls,3722
3607,Calls,3722
3607,Calls,3722
3607,Calls,3722
3607,Calls,3723
3621,Calls,3724
3643,Calls,3725
3644,Calls,3726
3683,Persists,662
