node, cluster/community
1,0
2,1
6,2
7,2
8,3
9,2
10,2
11,2
12,2
13,2
14,4
15,4
16,4
18,4
19,4
20,5
21,6
23,0
24,7
26,6
27,0
29,4
30,8
31,1
33,9
34,9
35,1
36,1
37,1
38,8
39,1
40,1
41,10
42,1
43,1
44,4
45,1
47,10
49,11
50,11
51,1
52,2
53,1
55,8
57,1
58,1
59,1
60,1
61,1
62,10
63,1
65,10
66,1
67,1
68,1
70,8
71,1
72,1
74,1
75,1
76,1
77,1
80,8
81,12
82,0
83,0
84,0
85,0
86,0
87,8
88,8
89,8
90,11
91,8
92,11
93,8
94,8
97,14
98,14
99,10
100,10
103,15
108,11
109,11
110,16
111,16
113,16
114,6
117,6
120,3
121,11
122,6
126,6
129,6
130,6
131,8
133,6
135,3
136,3
138,6
139,6
140,4
141,11
145,4
146,4
150,8
156,5
157,5
158,4
159,4
160,17
161,17
162,2
163,2
164,12
165,12
166,1
167,1
168,1
169,1
170,1
171,1
172,1
173,1
174,1
175,1
176,1
177,1
178,1
179,18
180,11
181,15
182,1
183,1
184,15
185,1
186,15
187,15
188,1
189,1
190,1
191,1
192,1
193,10
195,11
196,19
197,0
198,6
199,3
200,6
201,6
202,6
203,6
204,6
211,8
222,8
224,1
225,2
226,6
231,6
233,6
234,17
236,6
237,6
238,6
239,8
240,1
242,11
244,20
247,11
248,11
249,1
250,20
251,11
257,3
258,6
259,0
260,6
261,6
262,4
264,4
265,4
266,0
267,0
268,2
269,4
270,21
271,4
272,4
273,21
274,21
275,4
276,2
277,2
278,6
279,0
280,6
281,4
282,22
283,22
284,22
286,8
287,8
288,7
289,7
290,23
291,8
294,15
299,6
301,8
304,1
308,1
310,1
320,1
322,8
323,1
327,24
328,24
330,25
331,26
332,27
333,28
334,27
335,27
337,27
338,25
339,29
340,29
342,25
343,30
346,6
347,6
349,2
351,4
360,8
361,10
367,4
370,4
371,4
372,4
373,4
374,4
375,3
376,4
377,4
378,3
379,4
380,4
381,4
382,5
383,5
384,5
385,5
386,6
387,5
388,1
389,5
390,5
391,1
392,7
393,7
394,7
395,7
396,7
397,7
398,8
399,7
401,7
402,7
403,3
404,7
405,7
406,7
407,8
409,7
410,4
411,7
412,2
413,2
414,2
415,2
416,31
417,2
419,2
421,12
422,12
423,9
424,9
425,9
426,9
427,9
428,9
429,9
430,9
431,9
432,8
433,2
434,12
435,8
436,8
437,12
438,12
439,8
440,6
441,0
442,17
443,17
444,17
445,3
446,9
447,3
448,9
449,12
451,8
452,8
453,8
454,8
455,8
456,8
457,6
458,1
459,3
460,1
461,1
462,1
463,1
464,1
465,1
466,1
467,1
472,1
473,1
474,1
475,1
476,1
477,1
478,1
479,1
480,3
481,1
482,1
483,1
484,1
485,1
486,1
487,1
488,1
489,1
490,18
491,18
492,8
493,3
494,18
495,18
496,11
497,1
498,1
499,1
500,8
501,1
502,1
503,1
504,1
505,1
506,6
507,1
508,11
509,1
510,8
511,1
512,15
513,15
514,15
515,15
516,15
517,15
518,15
519,15
520,1
521,15
522,15
523,15
524,15
525,15
526,1
527,1
528,4
529,4
530,4
531,0
532,15
533,0
534,6
535,6
536,6
537,6
538,6
539,6
540,8
541,6
542,6
543,6
544,6
545,6
546,6
547,6
548,6
549,6
550,6
551,6
552,6
553,6
554,6
555,6
556,6
557,6
558,3
559,3
560,3
561,3
562,3
563,3
564,3
565,6
566,6
567,3
568,3
569,15
570,19
571,3
572,3
573,3
574,3
575,3
576,3
577,3
578,3
579,3
580,3
581,3
582,3
583,3
584,3
585,3
586,3
587,19
588,3
589,3
590,3
591,3
592,3
593,3
594,8
595,6
596,6
597,6
598,6
599,17
600,17
601,17
602,17
603,17
604,17
605,17
606,17
607,0
608,0
609,0
610,0
611,0
612,0
613,4
614,4
615,4
616,4
617,4
618,4
619,4
620,4
621,4
622,4
623,32
624,32
627,4
629,8
630,8
637,1
638,1
639,5
640,1
641,1
642,4
643,4
644,2
645,8
654,1
655,1
656,1
657,1
658,1
659,1
660,1
661,6
674,6
681,1
682,1
683,0
684,0
685,0
687,0
688,2
689,2
690,2
691,2
692,2
693,2
694,2
695,1
696,1
697,8
698,1
699,1
700,1
707,4
708,4
709,8
710,8
712,8
713,17
714,8
715,8
716,8
717,8
719,1
720,8
723,8
724,3
725,3
726,4
727,6
728,6
729,6
730,6
731,6
732,8
733,6
734,1
735,8
736,8
737,8
738,8
739,8
740,8
741,8
743,8
744,8
745,8
746,18
747,18
748,9
749,9
750,9
751,9
752,9
753,9
754,9
755,6
756,1
757,6
758,12
759,6
760,3
761,3
762,3
763,3
764,3
765,3
766,3
767,4
768,4
769,3
770,3
771,4
772,0
773,0
774,3
775,3
776,3
777,3
778,3
779,3
780,0
781,0
782,0
783,0
784,0
785,3
786,3
787,3
788,3
789,4
790,17
791,17
792,17
793,3
794,11
795,11
796,11
797,11
798,11
799,11
800,11
801,11
802,11
803,11
804,11
805,11
806,11
807,11
808,11
809,11
810,11
811,11
812,11
813,11
817,1
819,11
822,11
823,4
824,11
825,11
828,6
830,8
831,1
832,3
833,1
834,6
835,6
836,1
837,1
838,5
839,5
840,5
841,5
842,5
843,5
845,5
846,5
847,5
848,5
849,5
850,5
851,5
852,5
853,5
854,5
855,5
856,5
857,5
858,5
859,5
860,5
861,5
862,5
863,4
864,4
865,4
866,4
867,2
868,2
869,2
870,6
871,6
872,6
873,6
874,3
875,6
876,4
877,4
878,4
879,4
880,4
881,4
882,4
883,4
884,4
885,4
886,4
887,4
888,4
889,4
890,4
891,4
892,4
893,4
894,12
895,4
896,4
897,4
898,4
899,7
900,12
901,12
902,18
903,18
904,18
905,18
906,18
907,17
908,2
909,8
910,8
911,8
912,4
913,12
914,3
915,4
916,12
917,12
918,8
919,2
920,4
921,2
922,2
923,4
924,2
925,12
926,12
927,4
928,8
929,8
930,8
931,8
932,8
933,8
934,4
935,0
936,0
937,4
938,8
939,12
940,12
941,12
942,12
943,4
944,8
945,8
946,8
947,2
948,2
949,8
950,8
951,8
952,8
953,8
954,8
955,8
956,8
957,8
958,8
961,0
962,17
963,17
964,0
965,0
966,0
967,6
968,6
969,1
970,1
971,1
972,1
973,1
974,1
975,1
977,0
978,1
979,1
980,1
981,1
982,1
983,1
984,1
985,1
986,1
987,1
988,1
990,2
991,1
992,0
993,10
994,10
995,1
996,1
997,1
998,1
999,1
1000,1
1001,1
1002,1
1003,1
1004,1
1005,1
1006,1
1007,0
1008,0
1009,8
1010,6
1011,0
1012,0
1013,0
1014,0
1015,6
1016,0
1017,0
1018,8
1019,8
1020,8
1021,2
1022,2
1023,2
1024,5
1025,8
1026,8
1027,5
1028,6
1029,6
1030,8
1031,1
1032,8
1033,8
1034,8
1035,15
1036,1
1037,1
1038,1
1039,2
1040,1
1041,1
1042,2
1043,2
1044,5
1045,3
1046,1
1047,1
1048,15
1049,1
1050,5
1051,1
1052,1
1053,1
1054,1
1055,1
1056,1
1057,4
1058,4
1059,1
1060,1
1061,1
1062,1
1063,1
1064,1
1065,1
1066,4
1067,4
1068,1
1069,1
1070,11
1071,11
1072,11
1073,11
1074,11
1075,11
1076,11
1077,4
1078,4
1079,18
1080,4
1081,1
1082,1
1083,1
1084,1
1085,1
1086,10
1087,10
1088,1
1089,11
1090,11
1091,1
1092,1
1093,1
1094,3
1095,3
1096,3
1097,3
1098,3
1099,3
1100,3
1101,3
1102,3
1103,3
1104,3
1105,3
1106,3
1107,3
1108,3
1109,3
1110,3
1111,3
1112,3
1113,3
1114,3
1115,3
1116,6
1117,6
1118,6
1119,6
1120,6
1121,3
1122,3
1123,3
1124,3
1125,3
1126,3
1127,3
1128,6
1129,6
1130,6
1131,6
1132,6
1133,4
1134,6
1135,6
1136,6
1137,6
1138,6
1139,6
1140,6
1141,6
1142,6
1143,6
1144,6
1145,8
1146,8
1147,8
1148,7
1149,7
1150,7
1151,7
1152,7
1153,7
1154,7
1155,7
1156,7
1157,7
1158,7
1159,7
1160,4
1161,4
1162,7
1163,7
1164,7
1165,7
1166,4
1167,7
1168,7
1169,7
1170,4
1171,0
1172,4
1173,17
1174,17
1175,17
1176,17
1177,17
1178,17
1179,8
1180,8
1181,8
1182,8
1183,9
1184,4
1185,9
1186,9
1187,4
1188,4
1189,4
1190,4
1191,9
1192,9
1193,9
1194,9
1195,9
1196,9
1197,9
1198,6
1199,6
1200,6
1201,6
1202,6
1203,4
1204,8
1205,8
1206,8
1207,8
1208,8
1209,8
1210,8
1211,17
1212,0
1213,0
1214,4
1215,4
1216,0
1217,0
1218,0
1219,0
1220,0
1221,0
1222,3
1223,4
1224,4
1225,4
1226,4
1227,4
1228,4
1229,4
1230,4
1231,4
1232,4
1233,4
1234,8
1235,6
1236,6
1237,6
1238,6
1239,17
1240,19
1241,3
1242,6
1243,6
1244,6
1245,6
1246,6
1247,6
1248,8
1249,8
1250,0
1251,1
1252,3
1253,8
1254,8
1255,8
1256,8
1257,8
1258,1
1259,15
1260,15
1261,1
1262,1
1263,4
1264,5
1265,5
1266,5
1267,5
1268,5
1269,4
1270,4
1271,4
1272,3
1273,8
1274,8
1275,4
1276,4
1277,6
1278,6
1279,6
1280,3
1281,6
1282,6
1283,6
1284,3
1285,4
1286,4
1287,3
1288,3
1289,3
1290,3
1291,3
1292,3
1293,6
1294,6
1295,6
1296,6
1297,6
1298,3
1299,8
1300,8
1301,3
1302,6
1303,6
1304,6
1305,3
1306,6
1307,6
1308,3
1309,6
1310,3
1311,3
1312,3
1313,3
1314,3
1315,3
1316,3
1317,3
1318,3
1319,3
1320,3
1321,3
1322,3
1323,3
1324,3
1325,3
1326,3
1327,3
1328,3
1329,3
1330,3
1331,3
1332,3
1333,3
1334,3
1335,17
1336,17
1337,17
1338,17
1339,3
1340,17
1341,17
1342,17
1343,6
1344,11
1345,11
1346,3
1347,4
1348,4
1349,4
1350,4
1351,4
1352,4
1353,4
1354,4
1355,3
1356,4
1357,8
1358,8
1359,4
1360,4
1361,3
1362,3
1363,7
1365,0
1366,7
1367,7
1368,7
1369,7
1370,7
1371,7
1372,7
1373,7
1374,3
1375,8
1376,4
1377,4
1378,7
1379,7
1380,8
1381,3
1382,3
1383,2
1384,2
1385,2
1386,31
1387,8
1388,8
1389,12
1390,9
1391,3
1392,9
1393,9
1394,9
1395,3
1396,9
1397,3
1398,9
1399,9
1400,9
1401,3
1402,12
1403,12
1404,12
1405,12
1406,3
1407,2
1408,2
1409,4
1410,4
1411,8
1412,12
1413,8
1414,0
1415,0
1416,4
1417,3
1418,4
1419,12
1420,2
1421,2
1422,8
1423,8
1424,8
1425,8
1426,3
1427,8
1428,8
1429,8
1430,8
1431,0
1432,3
1433,17
1434,4
1435,4
1436,4
1437,4
1438,4
1439,1
1440,1
1441,1
1442,10
1443,1
1444,1
1445,1
1446,1
1447,1
1448,1
1449,1
1450,3
1451,1
1452,3
1453,1
1454,1
1455,1
1456,0
1457,0
1458,3
1459,18
1460,8
1461,11
1462,11
1463,11
1464,3
1465,1
1466,1
1467,1
1468,8
1469,10
1470,10
1471,1
1472,1
1473,1
1474,11
1475,11
1476,11
1477,11
1478,1
1479,4
1480,1
1482,4
1483,3
1484,4
1485,4
1486,4
1487,3
1488,4
1489,3
1490,4
1491,4
1492,4
1493,4
1494,4
1495,2
1497,8
1498,8
1499,8
1500,8
1501,23
1502,23
1503,8
1504,8
1505,23
1506,8
1507,8
1508,23
1509,23
1510,4
1511,23
1515,4
1516,4
1517,4
1518,4
1519,4
1520,23
1521,23
1522,4
1523,4
1524,4
1525,4
1526,4
1527,4
1528,4
1529,4
1530,1
1531,4
1532,23
1533,4
1534,8
1536,4
1537,23
1539,23
1540,7
1541,7
1542,7
1543,23
1546,8
1548,0
1549,8
1550,23
1552,8
1553,0
1554,8
1555,23
1556,23
1557,7
1558,7
1559,7
1560,7
1561,7
1562,7
1563,23
1564,6
1565,3
1566,3
1567,3
1568,3
1569,3
1570,3
1571,3
1572,23
1573,0
1574,6
1575,8
1576,8
1577,23
1578,6
1579,6
1580,6
1581,23
1582,0
1583,6
1584,8
1585,8
1586,23
1587,8
1588,8
1589,8
1590,8
1591,8
1592,0
1593,6
1594,8
1595,8
1596,23
1597,0
1598,6
1599,8
1600,23
1601,6
1602,6
1603,6
1604,23
1606,17
1607,17
1608,17
1609,17
1610,17
1611,17
1612,17
1613,23
1614,6
1615,6
1616,6
1617,6
1618,6
1619,6
1620,0
1621,0
1622,0
1623,0
1624,23
1625,23
1626,3
1627,3
1628,3
1629,3
1630,3
1631,3
1632,23
1633,6
1634,6
1635,6
1636,6
1637,6
1638,6
1639,6
1640,23
1641,23
1642,3
1643,3
1644,3
1645,3
1646,23
1647,3
1648,6
1649,6
1650,6
1651,6
1652,6
1653,6
1654,6
1655,6
1656,23
1657,6
1658,6
1659,6
1660,6
1661,23
1662,0
1663,0
1664,0
1665,0
1666,23
1667,0
1668,0
1669,0
1670,0
1671,0
1672,8
1673,8
1674,23
1675,9
1676,9
1677,9
1678,9
1679,9
1680,9
1681,9
1682,23
1683,8
1684,8
1685,23
1686,9
1687,9
1688,9
1689,9
1690,9
1691,9
1692,23
1693,8
1694,8
1695,8
1696,8
1697,23
1698,1
1699,8
1700,1
1701,1
1702,1
1703,1
1704,1
1705,23
1706,10
1707,23
1708,1
1709,1
1710,1
1711,23
1712,8
1713,8
1714,23
1715,8
1716,8
1717,8
1718,8
1719,8
1720,8
1721,8
1722,8
1723,2
1724,8
1725,8
1726,8
1727,8
1728,8
1729,23
1730,8
1731,8
1732,2
1733,8
1734,23
1735,8
1736,8
1737,8
1739,8
1740,23
1741,2
1742,2
1743,2
1744,23
1745,8
1746,8
1747,23
1748,7
1749,7
1750,23
1751,23
1752,8
1753,8
1754,2
1755,2
1756,8
1757,4
1758,23
1759,8
1760,0
1761,8
1762,8
1763,23
1764,15
1765,15
1766,15
1767,23
1768,15
1769,15
1770,23
1771,15
1772,15
1773,15
1774,15
1775,15
1776,15
1777,23
1778,23
1779,15
1780,15
1781,15
1782,15
1783,15
1784,23
1785,15
1786,4
1787,15
1788,4
1789,15
1791,10
1792,1
1793,1
1794,23
1797,1
1799,1
1800,8
1801,1
1802,1
1803,8
1804,1
1809,8
1810,8
1811,5
1812,0
1813,0
1814,6
1815,6
1816,6
1817,6
1818,6
1820,6
1821,6
1822,6
1826,0
1827,0
1828,0
1829,0
1830,0
1831,0
1832,0
1838,1
1843,6
1846,6
1851,2
1852,2
1853,8
1855,8
1856,8
1859,1
1860,6
1861,6
1862,6
1863,8
1864,2
1865,2
1866,2
1867,6
1868,1
1869,6
1870,6
1871,6
1872,6
1873,6
1874,13
1875,13
1876,13
1877,6
1879,2
1880,2
1881,2
1882,2
1883,2
1884,3
1885,3
1886,3
1887,3
1888,0
1889,3
1890,8
1891,2
1892,4
1893,2
1894,2
1895,2
1896,2
1897,3
1898,2
1899,8
1900,3
1901,8
1902,8
1903,2
1905,2
1906,2
1907,2
1908,2
1909,2
1910,2
1911,2
1912,4
1913,4
1914,4
1915,4
1916,4
1917,4
1918,4
1919,4
1920,4
1921,4
1922,4
1923,1
1925,5
1926,5
1927,5
1928,5
1929,5
1930,5
1931,5
1932,6
1933,6
1934,1
1935,5
1936,5
1937,6
1938,1
1939,7
1940,7
1941,7
1942,7
1943,7
1944,7
1945,7
1946,0
1947,0
1948,0
1949,0
1950,0
1951,0
1952,8
1954,0
1955,0
1956,8
1957,7
1958,7
1959,0
1960,8
1961,8
1963,0
1964,9
1965,9
1966,2
1967,9
1968,9
1969,9
1970,9
1971,8
1972,8
1973,1
1974,9
1975,9
1976,9
1977,9
1978,8
1979,9
1980,8
1981,8
1982,8
1983,8
1984,8
1985,8
1986,8
1987,8
1988,1
1989,1
1990,1
1991,1
1992,0
1993,0
1994,0
1995,0
1996,1
1997,1
1998,1
1999,1
2000,1
2001,1
2002,8
2003,8
2004,8
2005,8
2006,8
2007,8
2008,8
2009,8
2010,8
2011,1
2012,1
2013,8
2014,2
2015,8
2016,1
2017,1
2018,1
2019,8
2020,8
2021,1
2022,1
2023,2
2024,1
2025,1
2026,1
2027,1
2028,1
2029,1
2030,1
2031,1
2032,1
2033,1
2034,10
2035,10
2036,1
2037,1
2038,1
2039,1
2040,1
2041,8
2042,8
2044,12
2045,8
2046,8
2047,8
2048,8
2049,8
2050,0
2051,8
2052,8
2054,6
2055,6
2056,0
2057,0
2058,11
2059,8
2060,8
2061,8
2062,8
2063,8
2064,8
2065,8
2066,1
2067,8
2068,8
2069,8
2070,8
2071,8
2072,18
2073,18
2074,1
2075,1
2076,1
2077,10
2078,1
2079,1
2080,15
2081,15
2082,15
2083,15
2084,15
2085,15
2086,15
2087,15
2088,15
2089,15
2090,15
2091,15
2092,15
2093,15
2094,15
2095,15
2096,15
2097,15
2098,15
2099,15
2100,11
2101,11
2102,11
2103,11
2104,11
2105,11
2106,4
2107,4
2108,4
2109,6
2111,2
2112,0
2113,0
2114,6
2115,6
2116,6
2117,6
2118,6
2119,6
2120,6
2121,6
2122,0
2123,6
2124,9
2125,6
2126,6
2127,6
2128,6
2129,6
2130,6
2131,6
2132,6
2133,6
2134,6
2135,3
2136,3
2137,3
2138,3
2139,3
2140,3
2141,3
2142,3
2143,3
2144,3
2145,3
2146,3
2147,3
2148,3
2149,3
2150,3
2151,3
2152,3
2153,3
2154,3
2155,3
2156,3
2157,3
2158,3
2159,3
2160,3
2161,3
2162,3
2163,6
2164,6
2165,6
2166,6
2167,6
2168,6
2169,6
2170,17
2171,17
2172,17
2173,17
2174,17
2175,17
2176,17
2177,17
2178,17
2179,8
2180,6
2181,6
2182,6
2183,6
2184,6
2185,6
2186,6
2187,8
2188,8
2189,8
2190,8
2191,8
2192,8
2193,8
2194,8
2195,8
2196,8
2197,8
2198,6
2199,6
2200,6
2201,3
2202,3
2203,3
2204,3
2205,3
2206,3
2207,3
2208,6
2209,6
2210,6
2211,6
2212,6
2213,0
2214,0
2215,6
2216,0
2217,8
2218,0
2219,0
2220,0
2221,0
2222,0
2223,0
2224,0
2225,0
2226,0
2227,0
2228,0
2229,0
2230,6
2231,0
2232,0
2233,0
2234,0
2235,0
2236,0
2237,0
2238,8
2239,4
2240,4
2241,4
2242,4
2243,4
2244,8
2245,4
2246,4
2247,4
2256,1
2257,1
2260,1
2261,1
2262,1
2263,1
2266,4
2267,4
2268,7
2269,7
2270,10
2271,10
2272,10
2273,10
2274,10
2275,6
2276,6
2277,6
2278,6
2279,6
2280,6
2281,6
2282,6
2283,6
2284,6
2285,6
2286,9
2287,6
2288,8
2289,8
2290,8
2291,8
2292,8
2293,8
2294,0
2295,0
2296,10
