619,Calls,741
619,Calls,741
619,Calls,741
619,Calls,741
619,Calls,754
619,Calls,741
619,Calls,741
619,Calls,741
619,Calls,741
619,Calls,741
619,Calls,741
619,Calls,741
619,Calls,725
619,Calls,741
619,Calls,725
619,Calls,725
619,Calls,736
619,Calls,736
619,Calls,736
619,Calls,736
619,Calls,736
619,Calls,736
619,Calls,736
619,Calls,736
619,Calls,736
619,Calls,736
619,Calls,736
619,Calls,736
619,Calls,736
619,Calls,737
619,Calls,649
619,Calls,733
619,Calls,734
619,Calls,737
619,Calls,735
623,Calls,915
624,Calls,1187
624,Calls,911
626,Calls,624
626,Calls,628
627,Calls,912
632,Calls,637
632,Calls,638
634,Calls,1085
634,Calls,639
635,Calls,636
636,Calls,914
637,Calls,1892
637,Calls,913
641,Calls,640
641,Calls,649
642,Calls,648
642,Calls,645
644,Calls,645
645,Calls,646
645,Calls,1520
645,Calls,1518
645,Calls,1523
645,Calls,1518
646,Calls,647
649,Calls,642
667,Calls,668
668,Calls,669
668,Calls,670
668,Calls,671
668,Calls,673
668,Calls,674
668,Calls,675
669,Calls,1893
669,Calls,676
669,Calls,678
670,Calls,2066
670,Calls,676
670,Calls,678
671,Calls,1925
671,Calls,676
671,Calls,678
672,Calls,1926
672,Calls,676
672,Calls,1923
672,Calls,678
673,Calls,2104
673,Calls,676
673,Calls,678
674,Calls,2047
674,Calls,676
674,Calls,678
675,Calls,1961
675,Calls,676
675,Calls,678
678,Calls,679
678,Calls,680
679,Calls,680
679,Calls,680
681,Calls,1859
686,Calls,687
686,Calls,682
686,Calls,694
689,Calls,691
689,Calls,690
689,Calls,691
689,Calls,691
690,Calls,691
690,Calls,691
692,Calls,693
694,Calls,684
695,Calls,685
695,Calls,696
695,Calls,697
696,Calls,1578
696,Calls,1581
697,Calls,2102
699,Calls,683
703,Calls,1092
704,Calls,705
704,Calls,706
705,Calls,1577
705,Calls,1581
705,Calls,713
705,Calls,708
705,Calls,708
705,Calls,708
706,Calls,2102
708,Calls,1554
709,Calls,682
709,Calls,694
709,Calls,710
711,Calls,1572
712,Calls,1572
712,Calls,1573
713,Calls,1598
713,Calls,711
713,Calls,1594
713,Calls,777
713,Calls,1595
713,Calls,711
713,Calls,716
713,Calls,1587
714,Calls,711
714,Calls,716
714,Calls,716
714,Calls,716
714,Calls,716
714,Calls,716
714,Calls,1578
715,Calls,1572
723,Calls,724
726,Calls,727
728,Calls,726
728,Calls,1917
728,Calls,1920
729,Calls,727
729,Calls,1623
729,Calls,1617
730,Calls,727
730,Calls,1839
730,Calls,1840
731,Calls,727
731,Calls,1917
731,Calls,1920
731,Calls,1917
731,Calls,1920
733,Calls,738
734,Calls,1573
734,Calls,1573
735,Calls,2048
735,Calls,731
735,Calls,738
735,Calls,2105
735,Calls,2105
735,Calls,2105
735,Calls,738
735,Calls,738
735,Calls,738
735,Calls,738
735,Calls,739
735,Calls,739
735,Calls,739
735,Calls,739
735,Calls,739
735,Calls,739
735,Calls,739
735,Calls,2068
735,Calls,739
735,Calls,739
735,Calls,1477
735,Calls,1477
735,Calls,1978
735,Calls,1978
735,Calls,730
736,Calls,1625
736,Calls,1624
737,Calls,729
738,Calls,1580
738,Calls,1581
738,Calls,1584
739,Calls,1896
739,Calls,1858
739,Calls,1860
741,Calls,727
741,Calls,742
741,Calls,727
741,Calls,742
741,Calls,727
741,Calls,742
741,Calls,727
741,Calls,742
741,Calls,727
741,Calls,742
741,Calls,727
741,Calls,742
741,Calls,727
741,Calls,742
741,Calls,727
741,Calls,742
741,Calls,727
741,Calls,742
743,Calls,727
743,Calls,727
743,Calls,727
743,Calls,727
743,Calls,727
745,Calls,749
745,Calls,747
745,Calls,748
745,Calls,748
745,Calls,747
745,Calls,748
745,Calls,748
745,Calls,746
745,Calls,749
745,Calls,749
745,Calls,749
750,Calls,753
750,Calls,751
750,Calls,751
750,Calls,751
750,Calls,751
750,Calls,752
750,Calls,753
753,Calls,727
755,Calls,1236
755,Calls,1235
755,Calls,1169
758,Calls,1190
759,Calls,2047
760,Calls,1859
760,Calls,761
760,Calls,763
761,Calls,1893
761,Calls,764
761,Calls,762
761,Calls,764
763,Calls,764
765,Calls,766
766,Calls,1572
766,Calls,767
767,Calls,769
767,Calls,768
770,Calls,778
771,Calls,767
771,Calls,779
771,Calls,778
772,Calls,779
772,Calls,778
773,Calls,779
773,Calls,778
774,Calls,779
774,Calls,778
775,Calls,779
775,Calls,778
777,Calls,779
777,Calls,778
778,Calls,781
779,Calls,780
790,Calls,803
791,Calls,803
792,Calls,1187
793,Calls,802
793,Calls,807
793,Calls,808
794,Calls,802
794,Calls,808
794,Calls,808
794,Calls,807
795,Calls,802
795,Calls,807
795,Calls,808
796,Calls,808
797,Calls,792
797,Calls,1892
797,Calls,804
797,Calls,1187
797,Calls,800
797,Calls,802
798,Calls,799
799,Calls,2050
799,Calls,1901
799,Calls,1187
799,Calls,804
799,Calls,800
801,Calls,802
801,Calls,807
801,Calls,808
801,Calls,808
802,Calls,1892
802,Calls,804
803,Calls,911
804,Calls,1827
804,Calls,805
804,Calls,1976
804,Calls,805
805,Calls,806
805,Calls,806
805,Calls,806
807,Calls,913
808,Calls,841
808,Calls,842
809,Calls,810
815,Calls,868
815,Calls,818
816,Calls,817
817,Calls,1061
819,Calls,1062
819,Calls,1062
819,Calls,1062
819,Calls,1062
820,Calls,830
820,Calls,828
820,Calls,829
820,Calls,831
820,Calls,821
820,Calls,823
821,Calls,817
821,Calls,864
821,Calls,817
821,Calls,668
821,Calls,833
821,Calls,668
821,Calls,833
822,Calls,817
822,Calls,817
822,Calls,817
822,Calls,831
822,Calls,817
822,Calls,817
822,Calls,668
822,Calls,834
822,Calls,1826
823,Calls,817
823,Calls,864
823,Calls,817
823,Calls,668
823,Calls,833
823,Calls,668
823,Calls,833
824,Calls,830
824,Calls,828
824,Calls,829
824,Calls,831
824,Calls,825
824,Calls,826
825,Calls,831
825,Calls,827
825,Calls,668
825,Calls,834
825,Calls,1826
825,Calls,831
825,Calls,827
825,Calls,668
825,Calls,834
825,Calls,1827
826,Calls,817
826,Calls,864
826,Calls,817
826,Calls,668
826,Calls,834
826,Calls,1828
827,Calls,817
827,Calls,864
827,Calls,817
828,Calls,868
828,Calls,867
829,Calls,817
830,Calls,817
833,Calls,1977
841,Calls,1978
841,Calls,845
841,Calls,846
841,Calls,843
842,Calls,841
843,Calls,1187
843,Calls,911
844,Calls,1187
844,Calls,911
847,Calls,1209
849,Calls,1187
849,Calls,859
849,Calls,858
850,Calls,856
850,Calls,857
852,Calls,854
852,Calls,855
853,Calls,854
853,Calls,796
853,Calls,911
857,Calls,1187
858,Calls,1976
858,Calls,1190
858,Calls,860
859,Calls,1826
859,Calls,1190
859,Calls,860
864,Calls,869
864,Calls,865
864,Calls,870
865,Calls,1187
865,Calls,849
865,Calls,911
866,Calls,817
867,Calls,1187
867,Calls,850
867,Calls,911
868,Calls,867
869,Calls,1954
872,Calls,2067
872,Calls,2068
873,Calls,1166
873,Calls,1166
873,Calls,1166
881,Calls,2046
885,Calls,893
885,Calls,895
885,Calls,894
885,Calls,634
889,Calls,892
889,Calls,890
890,Calls,633
892,Calls,866
892,Calls,896
893,Calls,849
893,Calls,849
893,Calls,850
893,Calls,852
893,Calls,853
893,Calls,896
894,Calls,797
898,Calls,1215
901,Calls,903
903,Calls,919
903,Calls,920
903,Calls,909
903,Calls,904
903,Calls,904
908,Calls,625
910,Calls,871
911,Calls,1187
911,Calls,784
911,Calls,1208
912,Calls,1190
912,Calls,1209
913,Calls,1187
913,Calls,1206
914,Calls,1190
914,Calls,1207
915,Calls,1190
915,Calls,1205
916,Calls,917
917,Calls,784
917,Calls,1207
917,Calls,1189
917,Calls,1209
917,Calls,1189
917,Calls,1190
917,Calls,1190
949,Calls,959
951,Calls,959
952,Calls,959
952,Calls,958
953,Calls,959
953,Calls,958
954,Calls,959
954,Calls,958
955,Calls,959
955,Calls,958
956,Calls,958
957,Calls,958
962,Calls,682
962,Calls,694
963,Calls,715
963,Calls,772
964,Calls,715
964,Calls,772
965,Calls,715
984,Calls,986
987,Calls,988
988,Calls,989
990,Calls,994
991,Calls,994
992,Calls,994
993,Calls,994
996,Calls,1004
997,Calls,714
998,Calls,711
1000,Calls,715
1000,Calls,774
1002,Calls,714
1002,Calls,715
1002,Calls,773
1002,Calls,682
1002,Calls,694
1003,Calls,714
1003,Calls,715
1003,Calls,775
1003,Calls,682
1003,Calls,694
1004,Calls,1554
1005,Calls,1857
1006,Calls,2046
1007,Calls,2048
1007,Calls,728
1008,Calls,2049
1009,Calls,2050
1014,Calls,1068
1017,Calls,2088
1018,Calls,1019
1018,Calls,1019
1020,Calls,2087
1026,Calls,1572
1027,Calls,1573
1027,Calls,766
1028,Calls,711
1029,Calls,712
1030,Calls,771
1031,Calls,812
1055,Calls,816
1056,Calls,1060
1056,Calls,1063
1056,Calls,1059
1057,Calls,1059
1058,Calls,1064
1058,Calls,1059
1059,Calls,815
1066,Calls,1067
1066,Calls,1092
1066,Calls,1092
1069,Calls,877
1069,Calls,878
1069,Calls,879
1069,Calls,877
1069,Calls,878
1069,Calls,879
1069,Calls,880
1071,Calls,1075
1071,Calls,1201
1071,Calls,1074
1071,Calls,1073
1072,Calls,1075
1072,Calls,1201
1072,Calls,1073
1073,Calls,2082
1076,Calls,1187
1078,Calls,1080
1079,Calls,1080
1080,Calls,1081
1080,Calls,1074
1080,Calls,2083
1081,Calls,1082
1082,Calls,1074
1082,Calls,2083
1086,Calls,1070
1087,Calls,1070
1088,Calls,1089
1088,Calls,1089
1088,Calls,1089
1088,Calls,1089
1092,Calls,1093
1092,Calls,1094
1092,Calls,1095
1092,Calls,1096
1099,Calls,1100
1101,Calls,1112
1102,Calls,1112
1103,Calls,1110
1103,Calls,1110
1105,Calls,1112
1106,Calls,1112
1107,Calls,1109
1108,Calls,1109
1111,Calls,1112
1116,Calls,1169
1116,Calls,1169
1116,Calls,1169
1116,Calls,1288
1116,Calls,1206
1116,Calls,1208
1116,Calls,1291
1116,Calls,1190
1116,Calls,1128
1118,Calls,1129
1120,Calls,1127
1120,Calls,1123
1120,Calls,1134
1121,Calls,1126
1122,Calls,1123
1123,Calls,1129
1124,Calls,1129
1124,Calls,1120
1124,Calls,1133
1124,Calls,1120
1125,Calls,1129
1125,Calls,1126
1126,Calls,1129
1126,Calls,1129
1127,Calls,1129
1127,Calls,1129
1127,Calls,1129
1128,Calls,1126
1134,Calls,1187
1134,Calls,1131
1134,Calls,1132
1134,Calls,1131
1134,Calls,1132
1134,Calls,1130
1135,Calls,1187
1137,Calls,1119
1147,Calls,1148
1150,Calls,1158
1151,Calls,1158
1152,Calls,1159
1152,Calls,1159
1153,Calls,1158
1154,Calls,1158
1155,Calls,1158
1169,Calls,1166
1169,Calls,1166
1169,Calls,1166
1170,Calls,1171
1170,Calls,1171
1170,Calls,1171
1170,Calls,1171
1170,Calls,1171
1172,Calls,1188
1172,Calls,1201
1173,Calls,1184
1173,Calls,1184
1173,Calls,1184
1173,Calls,1184
1173,Calls,1180
1175,Calls,1176
1175,Calls,1188
1175,Calls,1201
1175,Calls,1174
1176,Calls,1201
1176,Calls,1177
1177,Calls,1201
1179,Calls,1182
1179,Calls,1180
1179,Calls,1176
1182,Calls,1181
1183,Calls,1182
1185,Calls,1176
1185,Calls,1188
1185,Calls,1201
1185,Calls,1174
1186,Calls,1199
1187,Calls,1194
1187,Calls,1193
1188,Calls,1195
1188,Calls,1197
1188,Calls,1197
1188,Calls,1196
1188,Calls,1198
1188,Calls,1196
1188,Calls,1191
1188,Calls,1191
1189,Calls,1201
1190,Calls,1192
1190,Calls,1192
1190,Calls,1192
1191,Calls,1196
1191,Calls,1196
1193,Calls,1194
1194,Calls,881
1195,Calls,1196
1197,Calls,1196
1204,Calls,1231
1204,Calls,1228
1204,Calls,1229
1204,Calls,1230
1204,Calls,1232
1216,Calls,1190
1225,Calls,1190
1234,Calls,1190
1239,Calls,1290
1239,Calls,1289
1245,Calls,1213
1245,Calls,1210
1245,Calls,1211
1245,Calls,1212
1245,Calls,1214
1257,Calls,1190
1259,Calls,1190
1270,Calls,1190
1281,Calls,1190
1283,Calls,1190
1299,Calls,1190
1301,Calls,1190
1312,Calls,1190
1321,Calls,1190
1323,Calls,1190
1339,Calls,1190
1341,Calls,1190
1366,Calls,1190
1377,Calls,1190
1388,Calls,1190
1397,Calls,1190
1408,Calls,1190
1422,Calls,1190
1424,Calls,1190
1430,Calls,1431
1430,Calls,1431
1430,Calls,1431
1430,Calls,1431
1430,Calls,1431
1433,Calls,1434
1433,Calls,1434
1433,Calls,1434
1433,Calls,1434
1433,Calls,1434
1434,Calls,1435
1436,Calls,1437
1436,Calls,1437
1436,Calls,1437
1436,Calls,1437
1436,Calls,1437
1437,Calls,1438
1438,Calls,1440
1438,Calls,1439
1443,Calls,1444
1443,Calls,1444
1443,Calls,1444
1443,Calls,1444
1443,Calls,1444
1446,Calls,1464
1446,Calls,1470
1447,Calls,1465
1447,Calls,1470
1448,Calls,1466
1448,Calls,1470
1449,Calls,1467
1449,Calls,1470
1450,Calls,1468
1450,Calls,1470
1451,Calls,1468
1451,Calls,1470
1451,Calls,1473
1452,Calls,1454
1453,Calls,1454
1453,Calls,1471
1454,Calls,1461
1455,Calls,1457
1456,Calls,1457
1456,Calls,1471
1457,Calls,1462
1458,Calls,1463
1459,Calls,1463
1459,Calls,1471
1460,Calls,1470
1470,Calls,1470
1470,Calls,1472
1472,Calls,1473
1473,Calls,1469
1473,Calls,1469
1474,Calls,1500
1474,Calls,1450
1475,Calls,1476
1476,Calls,1500
1476,Calls,1451
1477,Calls,1500
1477,Calls,1452
1478,Calls,1500
1478,Calls,1453
1479,Calls,1500
1479,Calls,1455
1480,Calls,1500
1480,Calls,1456
1481,Calls,1482
1482,Calls,1500
1482,Calls,1448
1482,Calls,1446
1482,Calls,1483
1482,Calls,1483
1482,Calls,1459
1483,Calls,1484
1484,Calls,1485
1484,Calls,1456
1486,Calls,1500
1486,Calls,1502
1486,Calls,1446
1487,Calls,1500
1487,Calls,1502
1487,Calls,1446
1488,Calls,1500
1488,Calls,1502
1488,Calls,1446
1488,Calls,1494
1489,Calls,1490
1490,Calls,1500
1490,Calls,1501
1490,Calls,1502
1490,Calls,1447
1491,Calls,1500
1491,Calls,1502
1491,Calls,1448
1492,Calls,1500
1492,Calls,1502
1492,Calls,1448
1493,Calls,1500
1493,Calls,1502
1493,Calls,1448
1493,Calls,1494
1494,Calls,2053
1495,Calls,1496
1496,Calls,1500
1496,Calls,1501
1496,Calls,1502
1496,Calls,1449
1497,Calls,1506
1497,Calls,1504
1498,Calls,1497
1498,Calls,1494
1499,Calls,1486
1499,Calls,1491
1499,Calls,1485
1499,Calls,1479
1504,Calls,1505
1506,Calls,1507
1506,Calls,1506
1507,Calls,1487
1507,Calls,1492
1510,Calls,1509
1516,Calls,1515
1518,Calls,1510
1518,Calls,1512
1519,Calls,1511
1520,Calls,1512
1521,Calls,1513
1522,Calls,1514
1523,Calls,1517
1528,Calls,1527
1531,Calls,1543
1531,Calls,1537
1531,Calls,1535
1531,Calls,1530
1532,Calls,1538
1532,Calls,1535
1532,Calls,1530
1533,Calls,1539
1533,Calls,1535
1533,Calls,1530
1534,Calls,1540
1534,Calls,1535
1534,Calls,1530
1536,Calls,1543
1536,Calls,1542
1536,Calls,1530
1537,Calls,1541
1538,Calls,1541
1539,Calls,1541
1540,Calls,1541
1547,Calls,1543
1547,Calls,1543
1547,Calls,1543
1547,Calls,1543
1547,Calls,1549
1547,Calls,1548
1548,Calls,1548
1555,Calls,1545
1556,Calls,1546
1557,Calls,1544
1558,Calls,1547
1559,Calls,1563
1559,Calls,1560
1559,Calls,2053
1559,Calls,1562
1559,Calls,1561
1559,Calls,1565
1560,Calls,1561
1560,Calls,1561
1560,Calls,1561
1560,Calls,1561
1560,Calls,1561
1560,Calls,1561
1560,Calls,1561
1560,Calls,1561
1560,Calls,1561
1560,Calls,1561
1560,Calls,1561
1560,Calls,1561
1560,Calls,1561
1560,Calls,1561
1560,Calls,1561
1560,Calls,1561
1560,Calls,1561
1560,Calls,1561
1560,Calls,1561
1560,Calls,1561
1560,Calls,1561
1565,Calls,1564
1565,Calls,1536
1565,Calls,1531
1565,Calls,1532
1565,Calls,1533
1565,Calls,1534
1565,Calls,1567
1567,Calls,1568
1567,Calls,1569
1572,Calls,1576
1573,Calls,1572
1577,Calls,1609
1577,Calls,1609
1580,Calls,1600
1581,Calls,1604
1582,Calls,1605
1583,Calls,1606
1584,Calls,1600
1585,Calls,1605
1585,Calls,1584
1586,Calls,1609
1586,Calls,1604
1586,Calls,1584
1587,Calls,1584
1588,Calls,1600
1589,Calls,1604
1590,Calls,1610
1592,Calls,1611
1594,Calls,1604
1594,Calls,1584
1594,Calls,1578
1594,Calls,1597
1595,Calls,1578
1595,Calls,1596
1595,Calls,1597
1595,Calls,1580
1598,Calls,1578
1598,Calls,1599
1598,Calls,1580
1600,Calls,1578
1600,Calls,1601
1601,Calls,1580
1619,Calls,1614
1620,Calls,1615
1621,Calls,1614
1621,Calls,1618
1624,Calls,1622
1624,Calls,1621
1625,Calls,1634
1626,Calls,1635
1627,Calls,1626
1628,Calls,1636
1629,Calls,1637
1630,Calls,1629
1646,Calls,1648
1647,Calls,1648
1649,Calls,2110
1650,Calls,2110
1651,Calls,1648
1651,Calls,1653
1652,Calls,1648
1652,Calls,1653
1656,Calls,1657
1661,Calls,1661
1674,Calls,1678
1675,Calls,1678
1676,Calls,1678
1677,Calls,1678
1678,Calls,1679
1706,Calls,1460
1722,Calls,1725
1739,Calls,1740
1741,Calls,2122
1745,Calls,1746
1754,Calls,1460
1754,Calls,1753
1767,Calls,1768
1772,Calls,1771
1773,Calls,1771
1775,Calls,1777
1783,Calls,1782
1783,Calls,1817
1785,Calls,1788
1785,Calls,1791
1785,Calls,1789
1785,Calls,1789
1787,Calls,1786
1787,Calls,1814
1787,Calls,1792
1788,Calls,1789
1788,Calls,1789
1788,Calls,1787
1788,Calls,1790
1788,Calls,1789
1788,Calls,1789
1790,Calls,1817
1790,Calls,1811
1790,Calls,1790
1791,Calls,1787
1791,Calls,1793
1793,Calls,1817
1794,Calls,1822
1794,Calls,1812
1795,Calls,1823
1795,Calls,1811
1796,Calls,1800
1796,Calls,1789
1796,Calls,1797
1796,Calls,1815
1796,Calls,1816
1796,Calls,1825
1797,Calls,1798
1797,Calls,1798
1797,Calls,1798
1797,Calls,1798
1797,Calls,1798
1797,Calls,1798
1797,Calls,1798
1797,Calls,1798
1797,Calls,1798
1797,Calls,1798
1797,Calls,1798
1797,Calls,1798
1797,Calls,1798
1797,Calls,1798
1797,Calls,1798
1797,Calls,1798
1797,Calls,1798
1797,Calls,1798
1797,Calls,1798
1797,Calls,1798
1798,Calls,1815
1798,Calls,1816
1798,Calls,1824
1799,Calls,1786
1799,Calls,1800
1799,Calls,1789
1799,Calls,1820
1799,Calls,1821
1801,Calls,1819
1802,Calls,1789
1802,Calls,1789
1802,Calls,1814
1802,Calls,1792
1802,Calls,1803
1803,Calls,1804
1803,Calls,1803
1805,Calls,1794
1805,Calls,1807
1805,Calls,1806
1806,Calls,1785
1806,Calls,1801
1808,Calls,1789
1808,Calls,1789
1808,Calls,1814
1808,Calls,1792
1808,Calls,1809
1809,Calls,1810
1809,Calls,1809
1811,Calls,1812
1812,Calls,1813
1815,Calls,1824
1816,Calls,1824
1817,Calls,1818
1817,Calls,1818
1826,Calls,1834
1826,Calls,1954
1826,Calls,1785
1826,Calls,1831
1826,Calls,1785
1827,Calls,1834
1827,Calls,1954
1827,Calls,1785
1827,Calls,1794
1828,Calls,1834
1828,Calls,1954
1828,Calls,1827
1828,Calls,1795
1829,Calls,1830
1830,Calls,1799
1830,Calls,1801
1830,Calls,1796
1832,Calls,1834
1832,Calls,1833
1833,Calls,1802
1833,Calls,1805
1833,Calls,1808
1840,Calls,1835
1840,Calls,1844
1840,Calls,1839
1841,Calls,1835
1841,Calls,1843
1841,Calls,1839
1842,Calls,1835
1842,Calls,1839
1846,Calls,1705
1848,Calls,1706
1854,Calls,1460
1858,Calls,1711
1859,Calls,1712
1860,Calls,1862
1861,Calls,1862
1862,Calls,1863
1869,Calls,1893
1869,Calls,1874
1869,Calls,1875
1869,Calls,1976
1869,Calls,1875
1870,Calls,1874
1870,Calls,1976
1871,Calls,1870
1871,Calls,1872
1871,Calls,1896
1871,Calls,1877
1871,Calls,1877
1873,Calls,1878
1873,Calls,1896
1873,Calls,1978
1873,Calls,1878
1875,Calls,1876
1877,Calls,1979
1878,Calls,1874
1892,Calls,1723
1893,Calls,1724
1894,Calls,1719
1895,Calls,1897
1896,Calls,1897
1897,Calls,1861
1898,Calls,1892
1898,Calls,1896
1899,Calls,1892
1899,Calls,1896
1900,Calls,1962
1900,Calls,1858
1900,Calls,1864
1901,Calls,1715
1902,Calls,1720
1903,Calls,1716
1905,Calls,1717
1906,Calls,1721
1907,Calls,1718
1909,Calls,1893
1910,Calls,1722
1911,Calls,1962
1911,Calls,2089
1911,Calls,1897
1917,Calls,1938
1918,Calls,1927
1918,Calls,1919
1918,Calls,1939
1918,Calls,1919
1919,Calls,1938
1920,Calls,1923
1920,Calls,1921
1920,Calls,1928
1920,Calls,1938
1920,Calls,1937
1920,Calls,1938
1920,Calls,1938
1920,Calls,1922
1921,Calls,1921
1922,Calls,1923
1922,Calls,1928
1922,Calls,1930
1927,Calls,1923
1928,Calls,1935
1929,Calls,1936
1931,Calls,1728
1932,Calls,1934
1934,Calls,1935
1934,Calls,1937
1951,Calls,1954
1951,Calls,1950
1952,Calls,1954
1952,Calls,1950
1955,Calls,1735
1956,Calls,1733
1957,Calls,1734
1958,Calls,1736
1959,Calls,1737
1960,Calls,1961
1962,Calls,1738
1965,Calls,1739
1968,Calls,1968
1969,Calls,1975
1970,Calls,1973
1975,Calls,1974
1976,Calls,1980
1976,Calls,1743
1977,Calls,1980
1977,Calls,1744
1978,Calls,1980
1978,Calls,1980
1978,Calls,1745
1979,Calls,1980
1979,Calls,1747
1983,Calls,1752
1983,Calls,1986
1983,Calls,1989
1983,Calls,1989
1984,Calls,1752
1985,Calls,1753
1985,Calls,1751
1986,Calls,1987
1987,Calls,1988
1987,Calls,2001
1987,Calls,2001
1989,Calls,1999
1989,Calls,1987
1989,Calls,2000
1990,Calls,2004
1990,Calls,2000
1991,Calls,2004
1991,Calls,2000
1992,Calls,1753
1993,Calls,1753
1993,Calls,2053
1994,Calls,1754
1994,Calls,2053
1995,Calls,1754
1995,Calls,1996
2000,Calls,2003
2001,Calls,1998
2001,Calls,1998
2001,Calls,1998
2001,Calls,1998
2002,Calls,1997
2002,Calls,1997
2002,Calls,1997
2003,Calls,2002
2003,Calls,2001
2004,Calls,1753
2011,Calls,1460
2011,Calls,2012
2018,Calls,2027
2027,Calls,2032
2027,Calls,2031
2027,Calls,2030
2027,Calls,2029
2027,Calls,2028
2028,Calls,2139
2029,Calls,2138
2030,Calls,2137
2031,Calls,2136
2032,Calls,2135
2034,Calls,2035
2035,Calls,2037
2035,Calls,2037
2035,Calls,2036
2036,Calls,2133
2049,Calls,2109
2049,Calls,1631
2049,Calls,1847
2049,Calls,1964
2049,Calls,2075
2049,Calls,1904
2049,Calls,1591
2049,Calls,1933
2050,Calls,1757
2053,Calls,2066
2053,Calls,1893
2053,Calls,1961
2053,Calls,2047
2053,Calls,2104
2053,Calls,1579
2053,Calls,1838
2053,Calls,1992
2053,Calls,1925
2067,Calls,1764
2069,Calls,2065
2069,Calls,2068
2070,Calls,2065
2070,Calls,2068
2071,Calls,1962
2072,Calls,1760
2073,Calls,1765
2074,Calls,1761
2076,Calls,1762
2077,Calls,1766
2078,Calls,1763
2080,Calls,2066
2081,Calls,1767
2082,Calls,1771
2083,Calls,2085
2083,Calls,1772
2084,Calls,2085
2084,Calls,1773
2086,Calls,1774
2087,Calls,1775
2088,Calls,1776
2089,Calls,2087
2092,Calls,2093
2093,Calls,2091
2094,Calls,2092
2103,Calls,1781
2105,Calls,1850
2106,Calls,2102
2106,Calls,1849
2106,Calls,1953
2106,Calls,2079
2106,Calls,1908
2106,Calls,1593
2107,Calls,1781
2108,Calls,1780
2110,Calls,2111
2112,Calls,2113
2122,Calls,2123
2122,Calls,2123
2122,Calls,2123
2122,Calls,2123
2122,Calls,2123
2122,Calls,2123
2135,Calls,2140
2136,Calls,2140
2137,Calls,2140
2138,Calls,2140
2139,Calls,2140
619,Uses,4
624,Uses,470
624,Uses,485
624,Uses,5
625,Uses,6
626,Uses,470
626,Uses,6
627,Uses,6
628,Uses,470
628,Uses,6
632,Uses,470
632,Uses,6
633,Uses,6
634,Uses,5
634,Uses,470
635,Uses,6
635,Uses,5
636,Uses,6
637,Uses,470
637,Uses,469
637,Uses,312
637,Uses,467
638,Uses,470
638,Uses,6
639,Uses,470
642,Uses,364
642,Uses,369
643,Uses,369
644,Uses,369
645,Uses,369
645,Uses,364
645,Uses,271
646,Uses,364
646,Uses,271
647,Uses,364
650,Uses,369
651,Uses,369
667,Uses,20
667,Uses,390
667,Uses,100
668,Uses,20
668,Uses,17
669,Uses,20
669,Uses,17
669,Uses,312
669,Uses,381
670,Uses,20
670,Uses,17
670,Uses,401
670,Uses,380
671,Uses,20
671,Uses,17
671,Uses,360
671,Uses,374
672,Uses,20
672,Uses,17
672,Uses,364
672,Uses,377
672,Uses,360
673,Uses,20
673,Uses,17
673,Uses,327
673,Uses,376
674,Uses,20
674,Uses,17
674,Uses,329
674,Uses,390
675,Uses,20
675,Uses,17
675,Uses,320
675,Uses,388
676,Uses,17
678,Uses,20
680,Uses,403
681,Uses,339
681,Uses,306
682,Uses,20
682,Uses,21
682,Uses,23
683,Uses,22
683,Uses,20
683,Uses,375
683,Uses,21
683,Uses,390
683,Uses,376
684,Uses,20
684,Uses,21
684,Uses,23
685,Uses,22
685,Uses,21
685,Uses,20
685,Uses,375
686,Uses,534
686,Uses,20
689,Uses,535
689,Uses,406
689,Uses,20
690,Uses,535
692,Uses,535
692,Uses,406
692,Uses,20
693,Uses,535
693,Uses,406
694,Uses,20
695,Uses,22
695,Uses,20
695,Uses,21
695,Uses,26
696,Uses,375
696,Uses,390
696,Uses,321
696,Uses,338
696,Uses,21
696,Uses,20
697,Uses,390
697,Uses,376
697,Uses,327
697,Uses,321
697,Uses,375
697,Uses,21
697,Uses,20
698,Uses,26
699,Uses,22
699,Uses,20
699,Uses,24
700,Uses,24
704,Uses,21
705,Uses,21
705,Uses,321
705,Uses,338
705,Uses,20
706,Uses,21
706,Uses,376
706,Uses,327
706,Uses,321
706,Uses,375
706,Uses,20
708,Uses,321
708,Uses,32
709,Uses,20
711,Uses,390
711,Uses,341
711,Uses,317
711,Uses,342
712,Uses,390
712,Uses,341
712,Uses,317
713,Uses,390
713,Uses,338
713,Uses,341
713,Uses,40
714,Uses,390
714,Uses,338
714,Uses,341
714,Uses,342
714,Uses,617
714,Uses,321
715,Uses,390
715,Uses,376
715,Uses,317
728,Uses,390
728,Uses,360
728,Uses,361
729,Uses,345
729,Uses,344
730,Uses,390
730,Uses,376
730,Uses,318
731,Uses,390
731,Uses,360
731,Uses,361
731,Uses,374
734,Uses,317
735,Uses,329
735,Uses,327
735,Uses,401
735,Uses,381
735,Uses,332
735,Uses,351
735,Uses,353
735,Uses,357
735,Uses,349
736,Uses,345
738,Uses,390
738,Uses,376
738,Uses,321
738,Uses,338
739,Uses,390
739,Uses,376
739,Uses,312
739,Uses,339
755,Uses,440
758,Uses,485
759,Uses,390
759,Uses,329
760,Uses,339
761,Uses,381
761,Uses,339
762,Uses,312
766,Uses,317
766,Uses,390
766,Uses,618
769,Uses,618
781,Uses,403
785,Uses,381
786,Uses,381
790,Uses,312
791,Uses,312
792,Uses,390
792,Uses,381
792,Uses,485
793,Uses,381
793,Uses,53
794,Uses,381
794,Uses,53
794,Uses,54
795,Uses,381
795,Uses,53
796,Uses,381
796,Uses,53
796,Uses,54
797,Uses,390
797,Uses,381
797,Uses,312
797,Uses,53
797,Uses,485
797,Uses,469
798,Uses,424
799,Uses,485
799,Uses,381
799,Uses,329
799,Uses,395
799,Uses,312
799,Uses,53
800,Uses,485
800,Uses,53
801,Uses,381
801,Uses,53
801,Uses,54
802,Uses,381
802,Uses,53
802,Uses,312
803,Uses,390
803,Uses,381
804,Uses,312
804,Uses,53
805,Uses,312
805,Uses,53
805,Uses,54
805,Uses,469
807,Uses,53
807,Uses,54
807,Uses,467
808,Uses,381
808,Uses,346
808,Uses,357
809,Uses,322
812,Uses,322
815,Uses,59
815,Uses,57
815,Uses,60
816,Uses,59
816,Uses,64
816,Uses,66
817,Uses,59
817,Uses,66
818,Uses,59
819,Uses,59
819,Uses,63
820,Uses,59
820,Uses,62
821,Uses,59
821,Uses,62
821,Uses,66
821,Uses,76
821,Uses,70
822,Uses,59
822,Uses,61
822,Uses,60
822,Uses,66
822,Uses,70
823,Uses,59
823,Uses,62
823,Uses,66
823,Uses,76
824,Uses,59
824,Uses,65
825,Uses,59
825,Uses,65
826,Uses,59
826,Uses,65
826,Uses,66
826,Uses,74
826,Uses,70
827,Uses,59
827,Uses,65
827,Uses,66
827,Uses,74
827,Uses,525
828,Uses,59
828,Uses,63
829,Uses,59
829,Uses,63
829,Uses,66
830,Uses,59
830,Uses,63
830,Uses,60
830,Uses,66
833,Uses,390
833,Uses,17
834,Uses,17
840,Uses,424
841,Uses,390
842,Uses,390
842,Uses,351
842,Uses,357
843,Uses,390
843,Uses,485
844,Uses,390
844,Uses,485
849,Uses,75
849,Uses,485
849,Uses,74
849,Uses,76
850,Uses,75
851,Uses,424
851,Uses,485
851,Uses,75
852,Uses,390
852,Uses,74
853,Uses,390
853,Uses,76
853,Uses,346
853,Uses,381
854,Uses,75
855,Uses,74
856,Uses,75
857,Uses,75
857,Uses,485
858,Uses,76
858,Uses,346
858,Uses,485
859,Uses,74
859,Uses,485
860,Uses,75
863,Uses,420
864,Uses,75
864,Uses,74
865,Uses,75
865,Uses,485
866,Uses,66
866,Uses,75
866,Uses,74
866,Uses,76
867,Uses,75
867,Uses,485
868,Uses,75
869,Uses,74
869,Uses,320
869,Uses,388
869,Uses,75
870,Uses,75
871,Uses,85
872,Uses,390
872,Uses,380
872,Uses,401
881,Uses,390
881,Uses,329
881,Uses,423
884,Uses,424
885,Uses,5
890,Uses,6
893,Uses,390
895,Uses,52
898,Uses,415
898,Uses,85
900,Uses,424
900,Uses,483
903,Uses,415
903,Uses,85
903,Uses,79
903,Uses,390
903,Uses,78
903,Uses,484
903,Uses,95
903,Uses,93
904,Uses,415
904,Uses,79
904,Uses,467
904,Uses,486
904,Uses,390
908,Uses,6
909,Uses,390
909,Uses,467
909,Uses,481
911,Uses,485
912,Uses,6
912,Uses,485
913,Uses,390
913,Uses,467
913,Uses,485
914,Uses,6
914,Uses,485
915,Uses,485
916,Uses,390
916,Uses,476
917,Uses,476
917,Uses,485
919,Uses,416
919,Uses,96
919,Uses,97
919,Uses,90
919,Uses,88
919,Uses,92
920,Uses,414
921,Uses,380
921,Uses,401
922,Uses,401
923,Uses,380
923,Uses,401
924,Uses,376
924,Uses,327
924,Uses,380
924,Uses,401
925,Uses,380
925,Uses,401
925,Uses,618
925,Uses,327
926,Uses,380
926,Uses,401
926,Uses,327
927,Uses,390
927,Uses,395
927,Uses,401
928,Uses,390
928,Uses,401
929,Uses,390
929,Uses,376
929,Uses,395
929,Uses,401
930,Uses,20
930,Uses,390
930,Uses,376
930,Uses,380
930,Uses,401
931,Uses,402
931,Uses,401
932,Uses,20
932,Uses,390
932,Uses,323
935,Uses,387
935,Uses,313
936,Uses,387
936,Uses,318
937,Uses,318
938,Uses,387
938,Uses,318
939,Uses,376
939,Uses,327
939,Uses,387
939,Uses,318
940,Uses,376
940,Uses,327
940,Uses,387
940,Uses,318
941,Uses,387
941,Uses,318
941,Uses,376
941,Uses,311
942,Uses,387
942,Uses,318
942,Uses,376
942,Uses,311
943,Uses,387
943,Uses,318
943,Uses,376
943,Uses,311
944,Uses,387
944,Uses,318
944,Uses,327
945,Uses,387
945,Uses,318
945,Uses,327
946,Uses,390
946,Uses,395
946,Uses,313
947,Uses,390
947,Uses,376
947,Uses,399
947,Uses,313
948,Uses,332
949,Uses,332
949,Uses,403
951,Uses,332
952,Uses,332
953,Uses,334
954,Uses,332
955,Uses,334
956,Uses,330
956,Uses,332
957,Uses,330
957,Uses,334
960,Uses,375
960,Uses,321
962,Uses,403
962,Uses,375
962,Uses,20
962,Uses,321
962,Uses,21
962,Uses,338
963,Uses,321
963,Uses,20
963,Uses,338
964,Uses,321
964,Uses,338
964,Uses,403
965,Uses,375
965,Uses,321
965,Uses,20
965,Uses,338
965,Uses,403
966,Uses,375
966,Uses,321
967,Uses,390
967,Uses,395
967,Uses,321
968,Uses,376
968,Uses,395
968,Uses,390
968,Uses,321
969,Uses,375
969,Uses,321
969,Uses,390
970,Uses,381
970,Uses,312
971,Uses,312
971,Uses,278
972,Uses,381
972,Uses,312
973,Uses,376
973,Uses,327
973,Uses,381
973,Uses,312
974,Uses,381
974,Uses,312
974,Uses,618
974,Uses,327
975,Uses,381
975,Uses,312
975,Uses,327
976,Uses,381
976,Uses,312
976,Uses,339
977,Uses,339
977,Uses,312
977,Uses,281
978,Uses,390
978,Uses,395
978,Uses,312
979,Uses,390
979,Uses,312
980,Uses,390
980,Uses,376
980,Uses,395
980,Uses,312
981,Uses,20
981,Uses,390
981,Uses,376
981,Uses,381
981,Uses,312
982,Uses,359
982,Uses,312
983,Uses,20
983,Uses,390
983,Uses,323
984,Uses,316
984,Uses,20
984,Uses,390
984,Uses,376
984,Uses,312
984,Uses,408
985,Uses,20
985,Uses,390
985,Uses,312
986,Uses,316
987,Uses,381
987,Uses,312
987,Uses,390
987,Uses,329
987,Uses,403
988,Uses,329
988,Uses,390
988,Uses,312
988,Uses,467
989,Uses,329
989,Uses,469
990,Uses,390
990,Uses,399
990,Uses,376
990,Uses,343
991,Uses,390
991,Uses,399
991,Uses,375
991,Uses,343
992,Uses,390
992,Uses,399
992,Uses,343
993,Uses,390
993,Uses,399
993,Uses,343
995,Uses,20
995,Uses,321
997,Uses,20
997,Uses,338
997,Uses,403
998,Uses,341
998,Uses,342
999,Uses,338
1000,Uses,338
1000,Uses,321
1001,Uses,338
1002,Uses,338
1002,Uses,321
1002,Uses,21
1002,Uses,20
1003,Uses,338
1003,Uses,403
1003,Uses,321
1003,Uses,21
1003,Uses,20
1004,Uses,20
1004,Uses,32
1005,Uses,358
1006,Uses,390
1006,Uses,329
1007,Uses,329
1008,Uses,390
1009,Uses,395
1009,Uses,329
1010,Uses,374
1010,Uses,360
1011,Uses,374
1011,Uses,361
1012,Uses,360
1013,Uses,374
1013,Uses,360
1013,Uses,390
1014,Uses,361
1014,Uses,390
1014,Uses,118
1014,Uses,360
1015,Uses,390
1015,Uses,395
1015,Uses,360
1016,Uses,374
1016,Uses,360
1016,Uses,364
1017,Uses,377
1017,Uses,390
1017,Uses,328
1018,Uses,9
1018,Uses,467
1018,Uses,469
1019,Uses,467
1020,Uses,390
1020,Uses,399
1020,Uses,328
1022,Uses,371
1022,Uses,345
1023,Uses,345
1024,Uses,371
1025,Uses,390
1025,Uses,345
1026,Uses,317
1027,Uses,317
1028,Uses,341
1029,Uses,341
1030,Uses,317
1031,Uses,322
1032,Uses,369
1033,Uses,369
1034,Uses,369
1035,Uses,376
1035,Uses,327
1036,Uses,376
1036,Uses,327
1037,Uses,376
1037,Uses,327
1038,Uses,327
1039,Uses,376
1039,Uses,327
1040,Uses,395
1040,Uses,390
1040,Uses,327
1041,Uses,390
1041,Uses,327
1042,Uses,382
1042,Uses,344
1043,Uses,344
1044,Uses,382
1045,Uses,390
1045,Uses,344
1046,Uses,390
1046,Uses,344
1047,Uses,383
1047,Uses,367
1048,Uses,383
1048,Uses,368
1049,Uses,367
1050,Uses,383
1051,Uses,383
1051,Uses,367
1052,Uses,383
1052,Uses,367
1053,Uses,403
1053,Uses,399
1053,Uses,366
1053,Uses,368
1054,Uses,403
1055,Uses,299
1056,Uses,59
1056,Uses,299
1057,Uses,299
1058,Uses,299
1059,Uses,59
1059,Uses,57
1060,Uses,20
1060,Uses,59
1061,Uses,59
1061,Uses,299
1061,Uses,474
1062,Uses,59
1062,Uses,299
1063,Uses,59
1064,Uses,59
1066,Uses,20
1066,Uses,474
1066,Uses,475
1067,Uses,20
1068,Uses,390
1068,Uses,118
1071,Uses,390
1071,Uses,328
1072,Uses,390
1072,Uses,328
1073,Uses,328
1076,Uses,390
1076,Uses,485
1078,Uses,390
1078,Uses,467
1079,Uses,390
1079,Uses,467
1080,Uses,390
1080,Uses,467
1080,Uses,328
1081,Uses,390
1081,Uses,467
1081,Uses,118
1081,Uses,474
1082,Uses,390
1082,Uses,328
1088,Uses,463
1088,Uses,460
1088,Uses,135
1088,Uses,132
1090,Uses,424
1090,Uses,482
1092,Uses,403
1092,Uses,475
1092,Uses,71
1093,Uses,403
1094,Uses,475
1096,Uses,39
1096,Uses,38
1096,Uses,40
1101,Uses,293
1101,Uses,296
1102,Uses,293
1102,Uses,296
1103,Uses,293
1103,Uses,296
1104,Uses,293
1104,Uses,296
1105,Uses,293
1105,Uses,296
1106,Uses,293
1106,Uses,296
1107,Uses,293
1108,Uses,293
1109,Uses,293
1111,Uses,296
1112,Uses,296
1116,Uses,474
1116,Uses,485
1118,Uses,299
1121,Uses,302
1121,Uses,299
1123,Uses,299
1124,Uses,299
1125,Uses,299
1126,Uses,299
1127,Uses,390
1127,Uses,474
1127,Uses,475
1127,Uses,381
1128,Uses,299
1131,Uses,390
1132,Uses,381
1134,Uses,485
1135,Uses,390
1135,Uses,467
1135,Uses,485
1137,Uses,390
1137,Uses,423
1148,Uses,307
1150,Uses,296
1151,Uses,296
1155,Uses,381
1155,Uses,296
1156,Uses,307
1158,Uses,296
1166,Uses,411
1167,Uses,413
1169,Uses,411
1169,Uses,412
1186,Uses,483
1187,Uses,483
1187,Uses,390
1187,Uses,422
1187,Uses,485
1188,Uses,479
1188,Uses,390
1188,Uses,424
1188,Uses,485
1188,Uses,420
1190,Uses,485
1191,Uses,479
1191,Uses,483
1192,Uses,485
1193,Uses,483
1193,Uses,390
1193,Uses,485
1193,Uses,479
1194,Uses,483
1194,Uses,390
1194,Uses,423
1195,Uses,390
1196,Uses,390
1197,Uses,479
1197,Uses,390
1197,Uses,483
1200,Uses,390
1200,Uses,415
1203,Uses,390
1210,Uses,452
1211,Uses,452
1212,Uses,452
1213,Uses,452
1214,Uses,452
1215,Uses,415
1215,Uses,450
1216,Uses,450
1217,Uses,452
1217,Uses,450
1217,Uses,435
1224,Uses,415
1226,Uses,435
1237,Uses,435
1256,Uses,415
1262,Uses,435
1273,Uses,435
1280,Uses,415
1286,Uses,435
1288,Uses,435
1293,Uses,452
1294,Uses,452
1295,Uses,452
1296,Uses,452
1297,Uses,452
1298,Uses,415
1298,Uses,450
1299,Uses,450
1300,Uses,450
1301,Uses,450
1302,Uses,450
1303,Uses,452
1304,Uses,452
1304,Uses,450
1304,Uses,435
1311,Uses,415
1313,Uses,435
1320,Uses,415
1326,Uses,435
1328,Uses,435
1338,Uses,415
1344,Uses,435
1346,Uses,435
1351,Uses,452
1351,Uses,450
1351,Uses,435
1352,Uses,452
1353,Uses,452
1354,Uses,450
1356,Uses,435
1360,Uses,452
1361,Uses,452
1362,Uses,452
1363,Uses,452
1364,Uses,452
1365,Uses,450
1366,Uses,450
1367,Uses,450
1368,Uses,452
1369,Uses,452
1369,Uses,450
1369,Uses,435
1380,Uses,435
1387,Uses,415
1389,Uses,435
1400,Uses,435
1407,Uses,415
1409,Uses,435
1411,Uses,435
1421,Uses,415
1446,Uses,390
1446,Uses,332
1447,Uses,390
1447,Uses,332
1448,Uses,390
1448,Uses,332
1449,Uses,390
1449,Uses,332
1450,Uses,390
1451,Uses,390
1451,Uses,332
1452,Uses,390
1452,Uses,332
1453,Uses,390
1453,Uses,332
1454,Uses,390
1454,Uses,332
1455,Uses,390
1456,Uses,390
1457,Uses,390
1458,Uses,390
1459,Uses,390
1460,Uses,390
1460,Uses,399
1460,Uses,332
1470,Uses,390
1470,Uses,332
1472,Uses,332
1473,Uses,332
1474,Uses,390
1475,Uses,390
1475,Uses,332
1476,Uses,390
1476,Uses,332
1477,Uses,390
1477,Uses,332
1478,Uses,390
1478,Uses,332
1479,Uses,390
1480,Uses,390
1481,Uses,390
1482,Uses,390
1482,Uses,332
1483,Uses,390
1483,Uses,332
1484,Uses,390
1484,Uses,332
1485,Uses,332
1486,Uses,390
1486,Uses,332
1487,Uses,390
1487,Uses,332
1488,Uses,390
1488,Uses,332
1488,Uses,334
1489,Uses,390
1489,Uses,332
1490,Uses,390
1490,Uses,332
1491,Uses,390
1491,Uses,332
1492,Uses,390
1492,Uses,332
1493,Uses,390
1493,Uses,332
1493,Uses,334
1494,Uses,390
1494,Uses,332
1494,Uses,334
1495,Uses,390
1495,Uses,332
1496,Uses,390
1496,Uses,332
1497,Uses,390
1497,Uses,330
1497,Uses,333
1497,Uses,331
1497,Uses,332
1498,Uses,390
1498,Uses,330
1498,Uses,332
1498,Uses,334
1499,Uses,390
1499,Uses,332
1500,Uses,617
1501,Uses,617
1502,Uses,617
1504,Uses,331
1504,Uses,332
1505,Uses,331
1505,Uses,332
1506,Uses,390
1506,Uses,332
1507,Uses,390
1507,Uses,332
1508,Uses,601
1510,Uses,390
1510,Uses,601
1510,Uses,369
1511,Uses,390
1511,Uses,384
1511,Uses,369
1512,Uses,390
1512,Uses,601
1512,Uses,369
1513,Uses,390
1513,Uses,395
1513,Uses,601
1513,Uses,369
1514,Uses,390
1514,Uses,395
1514,Uses,601
1514,Uses,369
1515,Uses,390
1516,Uses,390
1516,Uses,384
1517,Uses,390
1518,Uses,390
1518,Uses,369
1519,Uses,390
1519,Uses,384
1519,Uses,369
1520,Uses,390
1520,Uses,369
1521,Uses,390
1521,Uses,395
1521,Uses,369
1522,Uses,390
1522,Uses,395
1522,Uses,369
1523,Uses,390
1524,Uses,390
1524,Uses,369
1524,Uses,617
1524,Uses,618
1525,Uses,612
1531,Uses,343
1532,Uses,343
1533,Uses,343
1534,Uses,343
1535,Uses,343
1536,Uses,343
1544,Uses,399
1544,Uses,612
1544,Uses,390
1544,Uses,343
1545,Uses,376
1545,Uses,399
1545,Uses,612
1545,Uses,390
1545,Uses,343
1546,Uses,375
1546,Uses,399
1546,Uses,612
1546,Uses,390
1546,Uses,343
1547,Uses,399
1547,Uses,503
1547,Uses,612
1547,Uses,343
1548,Uses,503
1548,Uses,390
1548,Uses,612
1549,Uses,390
1550,Uses,390
1550,Uses,376
1550,Uses,399
1550,Uses,343
1551,Uses,390
1551,Uses,375
1551,Uses,399
1551,Uses,343
1552,Uses,390
1552,Uses,399
1552,Uses,343
1553,Uses,390
1553,Uses,399
1553,Uses,343
1554,Uses,390
1554,Uses,376
1554,Uses,375
1555,Uses,390
1555,Uses,376
1555,Uses,399
1555,Uses,343
1556,Uses,390
1556,Uses,375
1556,Uses,399
1556,Uses,343
1557,Uses,390
1557,Uses,399
1557,Uses,343
1558,Uses,390
1558,Uses,399
1558,Uses,343
1559,Uses,390
1559,Uses,376
1559,Uses,375
1560,Uses,361
1560,Uses,339
1560,Uses,332
1564,Uses,390
1564,Uses,376
1564,Uses,375
1564,Uses,343
1564,Uses,370
1565,Uses,390
1565,Uses,376
1565,Uses,375
1565,Uses,343
1567,Uses,343
1568,Uses,343
1569,Uses,390
1570,Uses,343
1571,Uses,390
1571,Uses,378
1571,Uses,317
1572,Uses,390
1572,Uses,317
1573,Uses,390
1573,Uses,317
1574,Uses,596
1576,Uses,390
1576,Uses,596
1576,Uses,317
1577,Uses,390
1577,Uses,321
1578,Uses,390
1578,Uses,375
1578,Uses,321
1579,Uses,390
1579,Uses,375
1579,Uses,321
1580,Uses,321
1580,Uses,338
1580,Uses,375
1581,Uses,390
1581,Uses,375
1581,Uses,338
1582,Uses,390
1582,Uses,338
1583,Uses,390
1583,Uses,338
1584,Uses,390
1584,Uses,338
1585,Uses,390
1585,Uses,338
1585,Uses,618
1586,Uses,390
1586,Uses,321
1586,Uses,618
1586,Uses,338
1587,Uses,390
1587,Uses,372
1587,Uses,338
1587,Uses,618
1588,Uses,390
1588,Uses,338
1589,Uses,390
1589,Uses,375
1589,Uses,338
1590,Uses,390
1590,Uses,395
1590,Uses,321
1591,Uses,390
1592,Uses,390
1592,Uses,376
1592,Uses,395
1592,Uses,321
1593,Uses,390
1593,Uses,376
1594,Uses,390
1594,Uses,375
1594,Uses,338
1594,Uses,321
1595,Uses,390
1595,Uses,375
1595,Uses,321
1596,Uses,321
1597,Uses,321
1598,Uses,390
1598,Uses,375
1598,Uses,321
1599,Uses,321
1600,Uses,390
1600,Uses,338
1600,Uses,321
1601,Uses,321
1601,Uses,338
1602,Uses,610
1604,Uses,390
1604,Uses,610
1604,Uses,338
1605,Uses,390
1605,Uses,610
1605,Uses,338
1606,Uses,390
1606,Uses,610
1606,Uses,338
1607,Uses,602
1609,Uses,390
1609,Uses,602
1609,Uses,321
1610,Uses,395
1610,Uses,602
1610,Uses,390
1610,Uses,321
1611,Uses,395
1611,Uses,602
1611,Uses,390
1611,Uses,321
1612,Uses,597
1614,Uses,597
1614,Uses,390
1614,Uses,344
1615,Uses,597
1615,Uses,390
1615,Uses,344
1616,Uses,390
1616,Uses,382
1616,Uses,344
1617,Uses,344
1618,Uses,390
1618,Uses,382
1619,Uses,390
1619,Uses,344
1620,Uses,390
1620,Uses,344
1621,Uses,390
1621,Uses,344
1621,Uses,382
1622,Uses,390
1622,Uses,371
1622,Uses,345
1623,Uses,345
1624,Uses,390
1624,Uses,371
1624,Uses,345
1624,Uses,618
1625,Uses,390
1625,Uses,345
1626,Uses,390
1626,Uses,395
1626,Uses,345
1627,Uses,390
1627,Uses,345
1627,Uses,395
1628,Uses,390
1628,Uses,395
1628,Uses,345
1629,Uses,390
1629,Uses,395
1629,Uses,345
1630,Uses,390
1630,Uses,345
1630,Uses,395
1631,Uses,390
1632,Uses,600
1634,Uses,600
1634,Uses,390
1634,Uses,345
1635,Uses,390
1635,Uses,395
1635,Uses,600
1635,Uses,345
1636,Uses,395
1636,Uses,600
1636,Uses,390
1636,Uses,345
1637,Uses,395
1637,Uses,600
1637,Uses,390
1637,Uses,345
1642,Uses,390
1642,Uses,332
1643,Uses,390
1643,Uses,332
1644,Uses,390
1644,Uses,332
1645,Uses,390
1645,Uses,332
1646,Uses,390
1646,Uses,571
1647,Uses,390
1647,Uses,571
1647,Uses,332
1648,Uses,571
1649,Uses,390
1649,Uses,332
1649,Uses,573
1650,Uses,390
1650,Uses,332
1650,Uses,573
1651,Uses,390
1651,Uses,571
1652,Uses,390
1652,Uses,571
1653,Uses,571
1654,Uses,390
1655,Uses,390
1656,Uses,390
1656,Uses,399
1656,Uses,573
1656,Uses,332
1657,Uses,573
1658,Uses,601
1659,Uses,601
1660,Uses,390
1660,Uses,369
1660,Uses,384
1660,Uses,601
1661,Uses,390
1661,Uses,384
1661,Uses,369
1662,Uses,390
1662,Uses,369
1663,Uses,390
1663,Uses,395
1663,Uses,369
1664,Uses,390
1664,Uses,395
1664,Uses,369
1665,Uses,390
1665,Uses,384
1666,Uses,390
1667,Uses,612
1668,Uses,612
1669,Uses,343
1670,Uses,343
1671,Uses,343
1672,Uses,343
1673,Uses,343
1674,Uses,399
1674,Uses,343
1675,Uses,376
1675,Uses,399
1675,Uses,343
1676,Uses,375
1676,Uses,399
1676,Uses,343
1677,Uses,399
1677,Uses,343
1678,Uses,376
1678,Uses,375
1678,Uses,399
1678,Uses,612
1678,Uses,343
1679,Uses,376
1679,Uses,375
1679,Uses,612
1680,Uses,596
1681,Uses,596
1682,Uses,390
1682,Uses,317
1683,Uses,610
1684,Uses,610
1685,Uses,390
1685,Uses,338
1686,Uses,390
1686,Uses,338
1687,Uses,390
1687,Uses,338
1688,Uses,602
1689,Uses,602
1690,Uses,390
1690,Uses,321
1691,Uses,395
1691,Uses,321
1692,Uses,395
1692,Uses,321
1693,Uses,600
1694,Uses,600
1695,Uses,345
1696,Uses,390
1696,Uses,395
1696,Uses,345
1697,Uses,395
1697,Uses,345
1698,Uses,395
1698,Uses,345
1699,Uses,597
1700,Uses,597
1701,Uses,344
1702,Uses,344
1703,Uses,604
1705,Uses,395
1705,Uses,313
1706,Uses,399
1706,Uses,332
1706,Uses,390
1706,Uses,376
1706,Uses,313
1707,Uses,595
1708,Uses,595
1709,Uses,606
1710,Uses,606
1711,Uses,390
1711,Uses,339
1712,Uses,390
1712,Uses,339
1713,Uses,594
1714,Uses,594
1715,Uses,395
1715,Uses,312
1716,Uses,312
1717,Uses,395
1717,Uses,312
1718,Uses,312
1719,Uses,312
1720,Uses,395
1720,Uses,312
1721,Uses,395
1721,Uses,312
1722,Uses,323
1723,Uses,390
1723,Uses,312
1724,Uses,390
1724,Uses,312
1725,Uses,323
1725,Uses,390
1726,Uses,607
1728,Uses,395
1728,Uses,360
1729,Uses,603
1731,Uses,605
1732,Uses,605
1733,Uses,395
1733,Uses,320
1734,Uses,395
1734,Uses,320
1735,Uses,320
1736,Uses,395
1736,Uses,320
1737,Uses,395
1737,Uses,320
1738,Uses,320
1739,Uses,323
1740,Uses,323
1740,Uses,390
1741,Uses,505
1741,Uses,558
1743,Uses,390
1743,Uses,553
1744,Uses,390
1745,Uses,390
1745,Uses,558
1745,Uses,553
1746,Uses,558
1747,Uses,390
1748,Uses,553
1749,Uses,608
1750,Uses,608
1751,Uses,390
1751,Uses,367
1752,Uses,390
1752,Uses,608
1752,Uses,367
1753,Uses,390
1753,Uses,367
1754,Uses,390
1754,Uses,366
1754,Uses,332
1754,Uses,368
1755,Uses,598
1756,Uses,598
1757,Uses,390
1757,Uses,395
1757,Uses,329
1758,Uses,609
1759,Uses,609
1760,Uses,395
1760,Uses,401
1761,Uses,401
1762,Uses,395
1762,Uses,401
1763,Uses,401
1764,Uses,401
1765,Uses,395
1765,Uses,401
1766,Uses,395
1766,Uses,401
1767,Uses,323
1768,Uses,323
1768,Uses,390
1769,Uses,611
1770,Uses,611
1771,Uses,611
1771,Uses,328
1772,Uses,328
1772,Uses,386
1772,Uses,611
1773,Uses,328
1773,Uses,611
1774,Uses,328
1775,Uses,399
1775,Uses,611
1775,Uses,328
1776,Uses,611
1776,Uses,328
1777,Uses,611
1778,Uses,599
1779,Uses,599
1780,Uses,395
1780,Uses,327
1781,Uses,327
1785,Uses,390
1785,Uses,350
1787,Uses,390
1788,Uses,390
1788,Uses,518
1790,Uses,390
1790,Uses,518
1791,Uses,390
1791,Uses,516
1793,Uses,390
1794,Uses,390
1795,Uses,390
1796,Uses,390
1797,Uses,390
1798,Uses,390
1799,Uses,390
1801,Uses,390
1802,Uses,390
1802,Uses,519
1803,Uses,390
1803,Uses,519
1805,Uses,390
1806,Uses,390
1806,Uses,350
1807,Uses,390
1808,Uses,390
1808,Uses,519
1809,Uses,390
1809,Uses,519
1812,Uses,346
1813,Uses,347
1813,Uses,349
1813,Uses,353
1813,Uses,357
1813,Uses,352
1814,Uses,390
1826,Uses,390
1826,Uses,320
1826,Uses,388
1827,Uses,390
1827,Uses,320
1827,Uses,388
1828,Uses,390
1828,Uses,320
1828,Uses,388
1829,Uses,390
1829,Uses,618
1830,Uses,390
1830,Uses,618
1831,Uses,320
1832,Uses,390
1833,Uses,390
1834,Uses,618
1835,Uses,390
1835,Uses,387
1835,Uses,318
1836,Uses,390
1836,Uses,387
1836,Uses,318
1837,Uses,390
1837,Uses,387
1837,Uses,313
1838,Uses,390
1838,Uses,387
1838,Uses,313
1839,Uses,318
1840,Uses,390
1840,Uses,387
1840,Uses,376
1840,Uses,318
1840,Uses,327
1840,Uses,617
1840,Uses,332
1841,Uses,390
1841,Uses,387
1841,Uses,376
1841,Uses,318
1841,Uses,327
1841,Uses,617
1841,Uses,332
1842,Uses,390
1842,Uses,387
1842,Uses,327
1842,Uses,318
1843,Uses,390
1843,Uses,332
1844,Uses,390
1844,Uses,332
1845,Uses,390
1845,Uses,387
1846,Uses,390
1846,Uses,395
1846,Uses,313
1847,Uses,390
1848,Uses,390
1848,Uses,376
1848,Uses,399
1848,Uses,313
1849,Uses,390
1849,Uses,376
1849,Uses,327
1849,Uses,617
1850,Uses,390
1850,Uses,376
1850,Uses,327
1850,Uses,617
1851,Uses,604
1853,Uses,395
1853,Uses,604
1853,Uses,390
1853,Uses,313
1854,Uses,399
1854,Uses,332
1854,Uses,390
1854,Uses,376
1854,Uses,313
1855,Uses,595
1857,Uses,358
1858,Uses,390
1858,Uses,381
1858,Uses,339
1859,Uses,390
1859,Uses,339
1860,Uses,390
1860,Uses,339
1861,Uses,390
1861,Uses,339
1862,Uses,390
1862,Uses,339
1862,Uses,617
1863,Uses,339
1864,Uses,390
1864,Uses,339
1865,Uses,606
1867,Uses,390
1867,Uses,606
1867,Uses,339
1868,Uses,390
1868,Uses,606
1868,Uses,339
1869,Uses,390
1869,Uses,381
1869,Uses,312
1870,Uses,312
1870,Uses,407
1870,Uses,536
1871,Uses,312
1871,Uses,376
1871,Uses,536
1871,Uses,408
1873,Uses,390
1873,Uses,312
1873,Uses,351
1873,Uses,357
1874,Uses,381
1875,Uses,407
1877,Uses,536
1877,Uses,312
1878,Uses,381
1879,Uses,594
1881,Uses,390
1881,Uses,312
1881,Uses,323
1881,Uses,548
1882,Uses,395
1882,Uses,594
1882,Uses,390
1882,Uses,312
1883,Uses,395
1883,Uses,594
1883,Uses,390
1883,Uses,312
1884,Uses,390
1884,Uses,312
1885,Uses,395
1885,Uses,594
1885,Uses,390
1885,Uses,312
1886,Uses,395
1886,Uses,594
1886,Uses,390
1886,Uses,312
1887,Uses,390
1887,Uses,312
1888,Uses,390
1888,Uses,312
1889,Uses,390
1889,Uses,323
1889,Uses,548
1890,Uses,390
1890,Uses,594
1890,Uses,312
1891,Uses,390
1891,Uses,312
1892,Uses,390
1892,Uses,381
1892,Uses,312
1893,Uses,390
1893,Uses,381
1893,Uses,312
1894,Uses,390
1894,Uses,312
1895,Uses,312
1896,Uses,312
1897,Uses,312
1897,Uses,617
1897,Uses,339
1897,Uses,381
1898,Uses,390
1898,Uses,381
1898,Uses,376
1898,Uses,312
1899,Uses,390
1899,Uses,381
1899,Uses,312
1900,Uses,390
1900,Uses,381
1900,Uses,312
1900,Uses,320
1900,Uses,617
1900,Uses,339
1901,Uses,390
1901,Uses,395
1901,Uses,312
1902,Uses,390
1902,Uses,395
1902,Uses,312
1903,Uses,390
1903,Uses,381
1903,Uses,312
1904,Uses,390
1905,Uses,390
1905,Uses,376
1905,Uses,395
1905,Uses,312
1906,Uses,390
1906,Uses,376
1906,Uses,395
1906,Uses,312
1907,Uses,390
1907,Uses,376
1907,Uses,381
1907,Uses,312
1908,Uses,390
1908,Uses,376
1909,Uses,390
1909,Uses,359
1909,Uses,332
1909,Uses,312
1909,Uses,381
1910,Uses,390
1910,Uses,323
1911,Uses,390
1911,Uses,312
1911,Uses,320
1911,Uses,617
1912,Uses,603
1914,Uses,607
1916,Uses,395
1916,Uses,607
1916,Uses,390
1916,Uses,360
1917,Uses,360
1917,Uses,332
1918,Uses,390
1918,Uses,374
1918,Uses,360
1918,Uses,332
1919,Uses,390
1919,Uses,360
1919,Uses,332
1920,Uses,390
1920,Uses,361
1920,Uses,360
1920,Uses,364
1920,Uses,377
1920,Uses,332
1920,Uses,363
1920,Uses,362
1921,Uses,617
1922,Uses,390
1922,Uses,374
1922,Uses,360
1922,Uses,361
1922,Uses,364
1922,Uses,377
1922,Uses,332
1923,Uses,390
1923,Uses,374
1923,Uses,360
1924,Uses,390
1924,Uses,377
1924,Uses,364
1925,Uses,390
1925,Uses,374
1925,Uses,360
1926,Uses,390
1926,Uses,377
1926,Uses,364
1927,Uses,390
1927,Uses,332
1927,Uses,374
1927,Uses,360
1928,Uses,390
1928,Uses,374
1928,Uses,332
1928,Uses,364
1929,Uses,390
1929,Uses,374
1929,Uses,332
1929,Uses,364
1930,Uses,390
1930,Uses,377
1930,Uses,332
1930,Uses,314
1931,Uses,390
1931,Uses,395
1931,Uses,360
1932,Uses,390
1932,Uses,374
1932,Uses,360
1932,Uses,617
1933,Uses,390
1934,Uses,390
1934,Uses,374
1934,Uses,332
1935,Uses,390
1935,Uses,374
1935,Uses,332
1936,Uses,390
1936,Uses,374
1936,Uses,332
1937,Uses,390
1938,Uses,390
1938,Uses,332
1939,Uses,390
1939,Uses,332
1940,Uses,605
1942,Uses,390
1942,Uses,320
1942,Uses,323
1942,Uses,548
1943,Uses,395
1943,Uses,605
1943,Uses,390
1943,Uses,320
1944,Uses,395
1944,Uses,605
1944,Uses,390
1944,Uses,320
1945,Uses,390
1945,Uses,320
1946,Uses,395
1946,Uses,605
1946,Uses,390
1946,Uses,320
1947,Uses,395
1947,Uses,605
1947,Uses,390
1947,Uses,320
1948,Uses,390
1948,Uses,320
1949,Uses,390
1949,Uses,323
1949,Uses,548
1950,Uses,320
1951,Uses,390
1951,Uses,388
1951,Uses,376
1951,Uses,320
1952,Uses,390
1952,Uses,388
1952,Uses,320
1953,Uses,390
1953,Uses,376
1954,Uses,390
1954,Uses,388
1954,Uses,320
1955,Uses,390
1955,Uses,320
1956,Uses,390
1956,Uses,395
1956,Uses,320
1957,Uses,390
1957,Uses,395
1957,Uses,320
1958,Uses,390
1958,Uses,376
1958,Uses,395
1958,Uses,320
1959,Uses,390
1959,Uses,376
1959,Uses,395
1959,Uses,320
1960,Uses,390
1960,Uses,365
1960,Uses,332
1960,Uses,320
1960,Uses,388
1961,Uses,390
1961,Uses,388
1961,Uses,320
1962,Uses,390
1962,Uses,320
1963,Uses,390
1963,Uses,388
1963,Uses,320
1964,Uses,390
1965,Uses,390
1965,Uses,323
1968,Uses,390
1969,Uses,390
1970,Uses,390
1971,Uses,390
1972,Uses,390
1974,Uses,351
1976,Uses,390
1977,Uses,390
1978,Uses,390
1979,Uses,390
1980,Uses,618
1983,Uses,367
1984,Uses,390
1984,Uses,367
1985,Uses,390
1985,Uses,383
1985,Uses,367
1986,Uses,367
1987,Uses,367
1988,Uses,367
1988,Uses,330
1988,Uses,333
1988,Uses,332
1989,Uses,367
1990,Uses,390
1990,Uses,383
1990,Uses,367
1991,Uses,390
1991,Uses,383
1991,Uses,367
1992,Uses,390
1992,Uses,383
1992,Uses,367
1993,Uses,390
1993,Uses,383
1993,Uses,368
1994,Uses,390
1994,Uses,366
1994,Uses,368
1995,Uses,390
1995,Uses,399
1995,Uses,366
1995,Uses,368
1996,Uses,368
1997,Uses,390
1997,Uses,332
1998,Uses,390
1998,Uses,332
1999,Uses,367
2000,Uses,367
2000,Uses,332
2001,Uses,390
2001,Uses,332
2002,Uses,390
2002,Uses,332
2003,Uses,390
2004,Uses,390
2004,Uses,383
2004,Uses,367
2005,Uses,608
2008,Uses,390
2008,Uses,367
2009,Uses,390
2009,Uses,367
2010,Uses,390
2010,Uses,367
2011,Uses,390
2011,Uses,366
2011,Uses,332
2011,Uses,368
2012,Uses,390
2012,Uses,367
2013,Uses,390
2013,Uses,588
2014,Uses,505
2014,Uses,590
2016,Uses,390
2017,Uses,590
2018,Uses,590
2019,Uses,390
2020,Uses,390
2021,Uses,390
2021,Uses,590
2022,Uses,390
2023,Uses,390
2024,Uses,390
2025,Uses,390
2026,Uses,390
2027,Uses,590
2028,Uses,590
2029,Uses,590
2030,Uses,590
2031,Uses,590
2032,Uses,590
2034,Uses,390
2034,Uses,588
2035,Uses,517
2036,Uses,517
2041,Uses,409
2041,Uses,546
2042,Uses,409
2043,Uses,598
2045,Uses,390
2045,Uses,395
2045,Uses,598
2045,Uses,329
2046,Uses,390
2046,Uses,329
2047,Uses,390
2047,Uses,329
2048,Uses,329
2049,Uses,390
2050,Uses,395
2050,Uses,329
2050,Uses,390
2051,Uses,390
2052,Uses,390
2053,Uses,390
2053,Uses,380
2053,Uses,381
2053,Uses,388
2053,Uses,376
2053,Uses,375
2053,Uses,387
2053,Uses,383
2053,Uses,374
2054,Uses,609
2056,Uses,390
2056,Uses,401
2056,Uses,323
2056,Uses,548
2057,Uses,395
2057,Uses,609
2057,Uses,390
2057,Uses,401
2058,Uses,395
2058,Uses,609
2058,Uses,390
2058,Uses,401
2059,Uses,390
2059,Uses,401
2060,Uses,395
2060,Uses,609
2060,Uses,390
2060,Uses,401
2061,Uses,395
2061,Uses,609
2061,Uses,390
2061,Uses,401
2062,Uses,390
2062,Uses,401
2063,Uses,609
2063,Uses,390
2063,Uses,401
2064,Uses,390
2064,Uses,323
2064,Uses,548
2065,Uses,390
2065,Uses,380
2065,Uses,401
2066,Uses,390
2066,Uses,380
2066,Uses,401
2067,Uses,390
2067,Uses,401
2068,Uses,401
2068,Uses,617
2069,Uses,390
2069,Uses,380
2069,Uses,376
2069,Uses,401
2070,Uses,390
2070,Uses,380
2070,Uses,401
2071,Uses,390
2071,Uses,380
2071,Uses,401
2071,Uses,320
2071,Uses,617
2072,Uses,390
2072,Uses,395
2072,Uses,401
2073,Uses,390
2073,Uses,395
2073,Uses,401
2074,Uses,390
2074,Uses,380
2074,Uses,401
2075,Uses,390
2076,Uses,390
2076,Uses,376
2076,Uses,395
2076,Uses,401
2077,Uses,390
2077,Uses,376
2077,Uses,395
2077,Uses,401
2078,Uses,390
2078,Uses,376
2078,Uses,380
2078,Uses,401
2079,Uses,390
2079,Uses,376
2080,Uses,390
2080,Uses,402
2080,Uses,332
2080,Uses,401
2080,Uses,380
2081,Uses,390
2081,Uses,323
2082,Uses,328
2083,Uses,328
2084,Uses,328
2084,Uses,617
2085,Uses,328
2086,Uses,390
2086,Uses,617
2086,Uses,328
2087,Uses,390
2087,Uses,399
2087,Uses,328
2088,Uses,390
2088,Uses,328
2089,Uses,390
2089,Uses,328
2089,Uses,399
2090,Uses,611
2092,Uses,390
2092,Uses,611
2092,Uses,328
2093,Uses,390
2093,Uses,611
2093,Uses,328
2094,Uses,328
2094,Uses,386
2094,Uses,611
2095,Uses,611
2095,Uses,390
2095,Uses,328
2096,Uses,399
2096,Uses,611
2096,Uses,390
2096,Uses,328
2097,Uses,611
2097,Uses,390
2097,Uses,328
2098,Uses,599
2100,Uses,395
2100,Uses,599
2100,Uses,390
2100,Uses,327
2101,Uses,599
2101,Uses,390
2101,Uses,327
2102,Uses,390
2102,Uses,376
2102,Uses,327
2103,Uses,390
2103,Uses,327
2104,Uses,390
2104,Uses,376
2104,Uses,327
2105,Uses,327
2106,Uses,390
2106,Uses,376
2106,Uses,327
2106,Uses,618
2107,Uses,390
2107,Uses,327
2107,Uses,618
2108,Uses,390
2108,Uses,395
2108,Uses,327
2109,Uses,390
2110,Persists,573
2111,Persists,573
2111,Persists,571
2112,Persists,573
2113,Persists,573
2114,Persists,601
2115,Persists,601
2117,Persists,601
2118,Persists,601
2121,Persists,558
2122,Persists,558
2124,Persists,611
2125,Persists,611
2127,Persists,611
2128,Persists,611
2131,Persists,588
2132,Persists,590
2133,Persists,517
2134,Persists,588
2135,Persists,590
2136,Persists,590
2137,Persists,590
2138,Persists,590
2139,Persists,590
5,References,470
7,References,470
7,References,20
13,Extends,16
20,References,21
20,Extends,321
24,Extends,25
25,References,22
25,References,20
26,Extends,25
42,Extends,41
52,References,390
52,References,381
53,References,390
53,References,381
53,References,469
53,References,54
55,References,59
59,References,20
60,References,59
62,Extends,63
64,References,62
64,References,65
64,References,61
65,Extends,63
67,References,390
74,Extends,75
75,References,390
76,Extends,75
78,References,390
78,References,79
79,References,390
79,References,484
79,References,486
79,References,80
79,References,84
80,References,377
81,References,411
81,References,411
81,References,411
81,References,411
81,References,411
81,References,411
81,References,411
81,References,411
81,References,411
81,References,411
81,References,411
81,References,411
85,References,411
85,References,411
85,References,411
85,References,411
85,References,411
85,References,411
85,References,411
85,References,411
85,References,411
85,References,83
85,References,390
85,References,484
87,References,89
87,Extends,94
88,Extends,87
90,Extends,87
92,Extends,94
94,References,89
95,References,79
96,Extends,94
97,Extends,94
104,References,390
104,Extends,105
107,Extends,457
108,References,390
108,Extends,107
111,References,390
111,References,381
111,Extends,106
112,References,112
113,References,109
114,References,115
114,Extends,107
115,References,390
115,References,381
115,References,113
115,References,109
115,References,109
115,References,116
115,References,469
115,Extends,105
116,References,5
117,Extends,129
118,References,474
119,References,467
121,References,123
122,References,377
122,References,123
122,References,377
122,References,120
122,References,377
122,References,123
122,Extends,374
123,References,390
123,References,364
124,References,377
124,References,467
125,References,374
125,References,374
125,References,467
126,References,360
126,Extends,374
126,Extends,122
127,References,374
127,References,377
127,Extends,377
127,Extends,131
128,References,467
129,References,390
129,References,360
129,Extends,107
130,References,467
131,References,364
131,References,121
131,References,486
131,Extends,377
132,Extends,107
133,References,390
135,References,390
135,References,390
135,Extends,107
138,Extends,137
140,References,141
142,References,139
144,References,143
145,Extends,144
147,Extends,143
152,References,151
156,References,155
157,References,270
158,References,154
159,References,166
162,References,153
163,References,270
165,References,160
167,References,164
168,References,161
176,References,179
178,References,177
181,References,190
182,Extends,196
183,Extends,196
185,Extends,201
187,References,270
188,References,376
191,Extends,198
192,Extends,191
194,Extends,186
195,Extends,194
197,References,539
199,Extends,186
200,References,205
201,Extends,198
202,Extends,182
203,Extends,199
204,Extends,183
206,References,207
206,References,467
208,References,331
211,References,214
212,References,210
213,References,467
215,References,216
217,References,218
220,References,221
221,References,219
223,References,227
223,Extends,226
226,Extends,230
228,Extends,230
231,References,232
231,References,467
234,References,233
235,Extends,233
236,References,208
236,Extends,233
237,References,235
237,Extends,234
238,References,236
238,Extends,234
239,References,240
243,Extends,250
245,References,208
245,Extends,260
246,Extends,390
249,References,259
250,Extends,248
251,Extends,376
252,References,209
252,Extends,255
253,Extends,255
254,References,260
256,References,257
258,Extends,252
258,Extends,381
261,Extends,262
262,Extends,248
263,References,245
265,References,264
267,References,270
268,References,266
272,References,390
272,References,381
273,References,381
277,References,390
277,References,381
277,References,356
278,References,390
278,References,381
280,References,381
280,References,279
281,References,390
281,References,381
287,References,295
287,References,291
287,References,294
291,Extends,293
292,References,294
292,Extends,293
293,References,295
293,Extends,305
294,References,292
294,References,292
294,References,295
294,References,291
305,References,381
306,References,381
311,References,376
312,References,390
312,References,376
312,Extends,381
313,References,390
313,References,311
313,Extends,387
317,Extends,378
318,Extends,313
320,References,390
320,References,376
320,References,404
320,Extends,388
321,References,390
321,References,376
321,Extends,375
323,References,390
327,References,390
327,Extends,376
328,References,390
328,Extends,386
329,Extends,390
330,References,333
330,References,331
334,Extends,332
338,References,375
338,Extends,372
339,References,381
339,Extends,394
341,References,342
343,References,390
343,References,376
343,References,375
343,Extends,370
344,References,390
344,Extends,382
345,References,390
345,Extends,371
347,Extends,355
348,Extends,354
349,Extends,355
350,Extends,354
352,Extends,355
353,Extends,355
357,Extends,355
358,Extends,379
359,References,333
360,References,390
360,References,377
360,Extends,374
361,References,374
361,References,364
361,References,363
361,References,362
362,References,374
364,References,374
364,Extends,377
365,References,333
366,References,399
367,References,390
367,Extends,383
368,Extends,367
369,Extends,384
370,Extends,391
371,Extends,391
372,Extends,391
374,Extends,391
375,Extends,391
376,Extends,391
377,Extends,391
378,Extends,391
379,Extends,391
380,Extends,391
381,Extends,391
382,Extends,391
383,Extends,391
384,Extends,391
386,Extends,391
387,Extends,391
388,Extends,391
390,References,390
390,Extends,391
392,Extends,391
394,Extends,391
395,Extends,400
396,References,395
397,References,395
398,References,399
399,Extends,400
401,References,390
401,References,376
401,Extends,380
402,References,333
404,References,405
406,References,390
406,References,376
408,References,312
409,References,390
411,Extends,413
412,References,411
412,References,411
412,References,411
415,References,416
415,References,414
420,References,479
422,References,483
422,References,390
423,References,390
424,References,479
424,References,485
425,References,427
426,References,427
426,References,485
427,References,427
431,References,485
435,References,435
435,Extends,436
437,References,434
440,Extends,436
447,References,485
452,References,485
460,References,466
460,References,464
460,References,463
464,References,463
464,References,466
467,References,469
467,References,374
467,References,377
470,References,390
470,References,381
470,References,336
473,Extends,472
476,References,390
479,References,483
479,References,390
480,References,374
480,References,377
480,Extends,484
481,References,390
481,References,467
482,References,479
482,References,485
485,References,390
486,References,377
487,References,498
487,References,497
487,References,496
487,References,492
487,References,493
487,References,492
487,References,490
488,References,487
488,References,495
490,References,499
503,References,612
503,References,399
508,Extends,510
509,References,505
511,References,505
518,Extends,519
526,References,390
526,References,474
526,References,527
527,References,390
527,References,413
527,References,411
527,References,411
527,References,411
527,References,411
527,References,411
527,References,411
527,References,411
527,References,411
530,References,530
530,Extends,532
534,References,535
536,References,407
538,Extends,510
540,References,588
540,References,588
540,Extends,538
543,Extends,544
545,Extends,544
549,References,390
558,References,553
588,Extends,557
590,Extends,557
2111,Calls,2121
2113,Calls,2122
2114,Calls,2123
2115,Calls,2124
2117,Calls,2125
2118,Calls,2126
2124,Calls,2127
2125,Calls,2128
2127,Calls,2129
2128,Calls,2130
2132,Calls,2131
2132,Calls,2131
2132,Calls,2131
2132,Calls,2131
2134,Calls,2132
2134,Calls,2132
2134,Calls,2132
2134,Calls,2132
2121,Persists,513
2122,Persists,513
2123,Persists,514
2124,Persists,514
2125,Persists,514
2126,Persists,514
2127,Persists,515
2128,Persists,515
2129,Persists,515
2130,Persists,515
