301,Calls,302
306,Calls,303
306,Calls,304
306,Calls,305
308,Calls,304
308,Calls,305
310,Calls,303
311,Calls,307
312,Calls,304
313,Calls,306
314,Calls,306
315,Calls,306
316,Calls,305
321,Calls,1666
326,Calls,323
327,Calls,324
331,Calls,337
331,Calls,336
332,Calls,337
332,Calls,336
333,Calls,337
334,Calls,338
335,Calls,337
336,Calls,338
340,Calls,330
341,Calls,332
342,Calls,333
343,Calls,333
344,Calls,335
345,Calls,331
349,Calls,334
370,Calls,354
370,Calls,692
372,Calls,375
372,Calls,373
373,Calls,374
384,Calls,613
385,Calls,614
386,Calls,615
387,Calls,616
388,Calls,617
389,Calls,618
390,Calls,593
391,Calls,594
392,Calls,600
393,Calls,601
394,Calls,602
395,Calls,603
396,Calls,604
397,Calls,605
398,Calls,606
399,Calls,607
400,Calls,609
401,Calls,610
402,Calls,620
403,Calls,621
404,Calls,612
405,Calls,626
405,Calls,626
406,Calls,627
407,Calls,628
408,Calls,629
409,Calls,630
410,Calls,632
411,Calls,608
412,Calls,631
413,Calls,633
414,Calls,634
415,Calls,624
416,Calls,625
417,Calls,635
418,Calls,636
419,Calls,645
420,Calls,646
421,Calls,647
422,Calls,648
423,Calls,697
424,Calls,698
425,Calls,699
426,Calls,643
427,Calls,644
428,Calls,597
429,Calls,599
430,Calls,596
431,Calls,652
432,Calls,653
433,Calls,654
434,Calls,655
435,Calls,656
436,Calls,658
437,Calls,657
438,Calls,659
439,Calls,660
440,Calls,661
441,Calls,662
442,Calls,663
443,Calls,664
444,Calls,665
445,Calls,666
446,Calls,667
447,Calls,611
448,Calls,622
449,Calls,623
450,Calls,595
451,Calls,668
452,Calls,669
453,Calls,670
454,Calls,672
455,Calls,673
456,Calls,674
457,Calls,676
458,Calls,675
460,Calls,637
461,Calls,639
462,Calls,640
463,Calls,641
464,Calls,642
465,Calls,677
466,Calls,678
467,Calls,679
468,Calls,680
469,Calls,683
470,Calls,684
471,Calls,685
472,Calls,686
473,Calls,474
521,Calls,521
533,Calls,534
534,Calls,534
539,Calls,541
541,Calls,541
543,Calls,548
552,Calls,707
552,Calls,692
552,Calls,587
554,Calls,772
556,Calls,578
564,Calls,692
566,Calls,707
566,Calls,587
566,Calls,579
567,Calls,772
569,Calls,775
569,Calls,574
572,Calls,577
573,Calls,574
575,Calls,576
582,Calls,583
589,Calls,690
589,Calls,714
592,Calls,690
592,Calls,714
593,Calls,721
595,Calls,915
596,Calls,911
597,Calls,598
597,Calls,492
603,Calls,508
604,Calls,509
605,Calls,508
607,Calls,508
609,Calls,907
610,Calls,908
611,Calls,913
612,Calls,920
613,Calls,1483
614,Calls,1483
615,Calls,1438
615,Calls,1483
615,Calls,872
616,Calls,1438
616,Calls,1483
616,Calls,872
617,Calls,1438
622,Calls,914
623,Calls,917
633,Calls,1483
635,Calls,1483
637,Calls,508
637,Calls,638
649,Calls,645
650,Calls,646
651,Calls,647
659,Calls,519
659,Calls,520
660,Calls,822
661,Calls,823
662,Calls,917
663,Calls,932
663,Calls,933
664,Calls,930
665,Calls,909
666,Calls,931
667,Calls,912
668,Calls,916
669,Calls,671
669,Calls,1451
669,Calls,1443
669,Calls,1442
669,Calls,1454
669,Calls,1456
670,Calls,1438
671,Calls,1438
674,Calls,1483
681,Calls,682
686,Calls,788
686,Calls,1483
686,Calls,1483
686,Calls,872
696,Calls,827
711,Calls,1666
711,Calls,1666
711,Calls,1666
714,Calls,868
731,Calls,737
733,Calls,735
733,Calls,734
737,Calls,737
754,Calls,1451
778,Calls,780
779,Calls,780
806,Calls,703
824,Calls,826
824,Calls,826
835,Calls,836
835,Calls,836
836,Calls,833
838,Calls,836
839,Calls,836
840,Calls,836
840,Calls,836
854,Calls,496
858,Calls,500
858,Calls,498
859,Calls,797
863,Calls,963
872,Calls,1679
873,Calls,799
876,Calls,795
879,Calls,801
881,Calls,801
892,Calls,827
892,Calls,828
922,Calls,923
924,Calls,923
940,Calls,948
944,Calls,946
956,Calls,957
956,Calls,957
960,Calls,961
960,Calls,961
965,Calls,967
965,Calls,967
973,Calls,543
974,Calls,544
975,Calls,545
980,Calls,477
980,Calls,687
981,Calls,687
982,Calls,718
982,Calls,1666
983,Calls,1666
983,Calls,719
984,Calls,1666
984,Calls,720
984,Calls,690
985,Calls,1666
985,Calls,720
985,Calls,691
986,Calls,755
986,Calls,739
990,Calls,1666
990,Calls,689
991,Calls,802
993,Calls,804
993,Calls,703
994,Calls,805
999,Calls,1666
999,Calls,688
1000,Calls,705
1004,Calls,503
1004,Calls,502
1004,Calls,702
1004,Calls,703
1004,Calls,476
1005,Calls,704
1006,Calls,704
1009,Calls,966
1010,Calls,507
1011,Calls,692
1011,Calls,707
1011,Calls,708
1011,Calls,693
1013,Calls,1666
1014,Calls,692
1016,Calls,712
1016,Calls,703
1017,Calls,713
1018,Calls,714
1019,Calls,692
1019,Calls,1666
1019,Calls,707
1020,Calls,692
1021,Calls,717
1022,Calls,717
1023,Calls,477
1023,Calls,703
1024,Calls,692
1026,Calls,806
1027,Calls,806
1028,Calls,722
1029,Calls,723
1029,Calls,703
1030,Calls,483
1031,Calls,692
1031,Calls,963
1033,Calls,730
1034,Calls,731
1035,Calls,732
1036,Calls,733
1037,Calls,736
1038,Calls,738
1040,Calls,747
1041,Calls,750
1042,Calls,756
1043,Calls,758
1044,Calls,759
1045,Calls,1062
1045,Calls,1673
1045,Calls,711
1045,Calls,1063
1045,Calls,1053
1045,Calls,1666
1046,Calls,692
1046,Calls,696
1046,Calls,910
1047,Calls,593
1047,Calls,1666
1048,Calls,900
1048,Calls,901
1048,Calls,902
1049,Calls,903
1050,Calls,706
1050,Calls,692
1051,Calls,707
1051,Calls,1666
1051,Calls,707
1051,Calls,711
1052,Calls,1062
1052,Calls,707
1052,Calls,711
1052,Calls,1063
1052,Calls,1053
1052,Calls,1666
1053,Calls,725
1053,Calls,507
1053,Calls,706
1053,Calls,706
1053,Calls,910
1055,Calls,1673
1056,Calls,886
1057,Calls,1062
1057,Calls,692
1057,Calls,711
1057,Calls,1063
1057,Calls,507
1057,Calls,706
1057,Calls,725
1057,Calls,1666
1065,Calls,1673
1075,Calls,490
1078,Calls,956
1078,Calls,1666
1079,Calls,897
1079,Calls,1080
1080,Calls,1080
1080,Calls,1080
1084,Calls,958
1084,Calls,959
1092,Calls,1107
1096,Calls,893
1096,Calls,696
1096,Calls,829
1096,Calls,1671
1096,Calls,1671
1097,Calls,893
1097,Calls,1671
1097,Calls,1671
1098,Calls,891
1099,Calls,892
1100,Calls,898
1101,Calls,888
1102,Calls,888
1103,Calls,1108
1104,Calls,887
1106,Calls,960
1106,Calls,1666
1106,Calls,1699
1107,Calls,1107
1107,Calls,1107
1108,Calls,1108
1108,Calls,1108
1112,Calls,1113
1112,Calls,1112
1112,Calls,1112
1113,Calls,1114
1113,Calls,1115
1113,Calls,1114
1116,Calls,490
1117,Calls,493
1119,Calls,494
1120,Calls,491
1122,Calls,824
1123,Calls,949
1126,Calls,1666
1127,Calls,954
1127,Calls,1666
1127,Calls,955
1127,Calls,952
1128,Calls,1666
1128,Calls,954
1128,Calls,1666
1128,Calls,955
1128,Calls,953
1132,Calls,950
1134,Calls,951
1135,Calls,490
1137,Calls,1138
1138,Calls,1138
1138,Calls,1138
1142,Calls,910
1143,Calls,911
1144,Calls,930
1145,Calls,931
1147,Calls,917
1148,Calls,925
1149,Calls,929
1154,Calls,1699
1155,Calls,842
1156,Calls,919
1157,Calls,928
1158,Calls,926
1159,Calls,927
1160,Calls,935
1161,Calls,936
1163,Calls,932
1164,Calls,933
1165,Calls,934
1168,Calls,899
1170,Calls,782
1170,Calls,1188
1171,Calls,783
1171,Calls,1188
1176,Calls,788
1176,Calls,1483
1176,Calls,1483
1176,Calls,872
1178,Calls,785
1178,Calls,785
1179,Calls,786
1179,Calls,786
1179,Calls,786
1179,Calls,786
1182,Calls,1483
1182,Calls,1483
1182,Calls,1483
1184,Calls,789
1184,Calls,790
1184,Calls,1483
1186,Calls,791
1187,Calls,793
1188,Calls,1189
1188,Calls,1190
1194,Calls,1196
1201,Calls,905
1204,Calls,965
1204,Calls,1666
1206,Calls,825
1211,Calls,831
1212,Calls,831
1214,Calls,1666
1219,Calls,827
1220,Calls,828
1221,Calls,832
1221,Calls,696
1221,Calls,829
1223,Calls,831
1235,Calls,940
1236,Calls,943
1237,Calls,944
1238,Calls,941
1239,Calls,942
1240,Calls,945
1250,Calls,835
1252,Calls,837
1253,Calls,834
1254,Calls,841
1255,Calls,838
1256,Calls,839
1257,Calls,840
1258,Calls,495
1259,Calls,496
1259,Calls,496
1260,Calls,514
1261,Calls,515
1261,Calls,516
1262,Calls,498
1263,Calls,500
1264,Calls,527
1265,Calls,501
1266,Calls,497
1267,Calls,504
1268,Calls,539
1269,Calls,540
1271,Calls,513
1273,Calls,803
1275,Calls,526
1276,Calls,528
1277,Calls,807
1278,Calls,533
1279,Calls,535
1281,Calls,813
1282,Calls,814
1283,Calls,818
1284,Calls,818
1287,Calls,817
1289,Calls,816
1290,Calls,815
1290,Calls,1291
1291,Calls,816
1291,Calls,1291
1293,Calls,817
1293,Calls,816
1294,Calls,822
1297,Calls,968
1298,Calls,969
1298,Calls,859
1300,Calls,969
1300,Calls,854
1302,Calls,969
1303,Calls,969
1304,Calls,969
1304,Calls,870
1304,Calls,969
1305,Calls,969
1305,Calls,969
1306,Calls,969
1306,Calls,970
1307,Calls,970
1310,Calls,969
1312,Calls,800
1314,Calls,969
1314,Calls,879
1315,Calls,880
1316,Calls,885
1320,Calls,811
1327,Calls,809
1327,Calls,703
1328,Calls,810
1329,Calls,812
1347,Calls,849
1348,Calls,1483
1349,Calls,850
1350,Calls,906
1352,Calls,558
1353,Calls,555
1353,Calls,778
1354,Calls,779
1356,Calls,1666
1356,Calls,551
1357,Calls,1666
1360,Calls,768
1361,Calls,767
1362,Calls,769
1363,Calls,770
1364,Calls,478
1364,Calls,549
1365,Calls,552
1366,Calls,475
1367,Calls,553
1369,Calls,554
1370,Calls,556
1371,Calls,481
1372,Calls,479
1373,Calls,480
1376,Calls,553
1377,Calls,559
1378,Calls,560
1379,Calls,484
1379,Calls,563
1380,Calls,564
1381,Calls,566
1382,Calls,568
1383,Calls,569
1384,Calls,570
1385,Calls,572
1387,Calls,573
1388,Calls,575
1389,Calls,580
1390,Calls,581
1391,Calls,585
1392,Calls,567
1393,Calls,582
1394,Calls,489
1395,Calls,485
1396,Calls,488
1396,Calls,486
1396,Calls,586
1396,Calls,487
1396,Calls,586
1397,Calls,589
1398,Calls,591
1399,Calls,592
1411,Calls,593
1412,Calls,593
1412,Calls,1666
1414,Calls,843
1415,Calls,844
1416,Calls,846
1417,Calls,846
1426,Calls,796
1426,Calls,1429
1427,Calls,796
1427,Calls,1429
1428,Calls,692
1428,Calls,1429
1430,Calls,692
1430,Calls,711
1430,Calls,910
1430,Calls,1666
1431,Calls,707
1431,Calls,794
1431,Calls,795
1431,Calls,1429
1432,Calls,875
1432,Calls,1429
1433,Calls,692
1433,Calls,707
1433,Calls,708
1433,Calls,693
1433,Calls,794
1433,Calls,1429
1434,Calls,725
1434,Calls,507
1434,Calls,706
1435,Calls,1429
1437,Calls,692
1437,Calls,711
1437,Calls,507
1437,Calls,706
1439,Calls,1438
1441,Calls,1440
1443,Calls,1446
1443,Calls,1441
1443,Calls,1441
1443,Calls,1444
1444,Calls,1446
1444,Calls,1445
1444,Calls,1445
1445,Calls,1440
1446,Calls,1447
1451,Calls,1452
1452,Calls,1483
1453,Calls,1454
1455,Calls,1456
1456,Calls,869
1457,Calls,1483
1458,Calls,1483
1476,Calls,1480
1476,Calls,1480
1476,Calls,1480
1483,Calls,1483
1485,Calls,833
1491,Calls,1666
1494,Calls,645
1496,Calls,599
1497,Calls,599
1497,Calls,647
1499,Calls,1500
1500,Calls,1540
1502,Calls,1544
1503,Calls,1545
1505,Calls,1506
1505,Calls,1500
1506,Calls,1507
1506,Calls,1508
1511,Calls,1499
1512,Calls,1499
1513,Calls,1502
1516,Calls,1498
1517,Calls,1505
1519,Calls,1500
1520,Calls,1503
1521,Calls,1504
1522,Calls,1542
1523,Calls,1541
1532,Calls,1533
1533,Calls,1537
1534,Calls,1533
1535,Calls,1537
1536,Calls,1535
1537,Calls,1543
1538,Calls,1539
1540,Calls,1551
1540,Calls,1549
1540,Calls,1546
1540,Calls,1548
1540,Calls,1547
1541,Calls,1542
1542,Calls,1546
1542,Calls,1548
1542,Calls,1547
1543,Calls,1546
1543,Calls,1548
1543,Calls,1547
1544,Calls,1546
1544,Calls,1547
1545,Calls,1546
1545,Calls,1547
1547,Calls,1548
1549,Calls,1552
1549,Calls,1550
1551,Calls,1552
1553,Calls,1554
1562,Calls,1574
1562,Calls,1579
1563,Calls,1574
1563,Calls,1579
1563,Calls,1576
1564,Calls,1565
1566,Calls,1573
1567,Calls,1572
1568,Calls,1572
1568,Calls,1576
1570,Calls,1572
1571,Calls,1572
1571,Calls,1576
1572,Calls,1573
1573,Calls,1585
1574,Calls,1572
1574,Calls,1575
1576,Calls,1572
1579,Calls,1577
1579,Calls,1583
1579,Calls,1578
1579,Calls,1580
1579,Calls,1581
1579,Calls,1582
1579,Calls,1565
1580,Calls,1586
1580,Calls,1583
1580,Calls,1578
1580,Calls,1576
1580,Calls,1583
1580,Calls,1565
1580,Calls,1586
1581,Calls,1578
1581,Calls,1586
1581,Calls,1582
1582,Calls,1586
1582,Calls,1583
1584,Calls,1572
1584,Calls,1576
1592,Calls,1563
1593,Calls,1560
1594,Calls,1560
1595,Calls,1562
1596,Calls,1562
1597,Calls,1569
1598,Calls,1566
1599,Calls,1570
1600,Calls,1571
1601,Calls,1567
1602,Calls,1568
1603,Calls,1564
1612,Calls,1616
1613,Calls,1616
1615,Calls,1615
1617,Calls,1618
1620,Calls,1642
1621,Calls,1642
1622,Calls,1642
1623,Calls,1642
1624,Calls,1642
1625,Calls,1642
1626,Calls,1642
1627,Calls,1642
1628,Calls,1642
1629,Calls,1642
1630,Calls,1642
1631,Calls,1642
1632,Calls,1642
1633,Calls,1642
1635,Calls,1642
1636,Calls,1642
1637,Calls,1642
1638,Calls,1642
1639,Calls,1642
1640,Calls,1642
1641,Calls,1642
1650,Calls,1654
1651,Calls,1654
1653,Calls,1653
1660,Calls,1655
1661,Calls,1655
1665,Calls,1664
1666,Calls,1666
1697,Calls,1698
1700,Calls,1701
1701,Calls,1702
1701,Calls,1702
1701,Calls,1702
1701,Calls,1702
1701,Calls,1702
1701,Calls,1702
1702,Calls,1703
1702,Calls,1703
1710,Calls,1671
1710,Calls,1671
1714,Calls,1719
1721,Calls,1722
1722,Calls,1725
1722,Calls,1723
1722,Calls,1724
1722,Calls,1666
1727,Calls,1728
1728,Calls,1728
1729,Calls,1728
1737,Calls,1735
1738,Calls,1735
1739,Calls,1734
1743,Calls,1742
1744,Calls,1743
1760,Calls,1764
1761,Calls,1762
1761,Calls,1763
1764,Calls,1764
1771,Calls,1773
1771,Calls,1774
1773,Calls,1777
1773,Calls,1785
1773,Calls,1776
1774,Calls,1777
1774,Calls,1775
1774,Calls,1783
1774,Calls,1785
1774,Calls,1783
1776,Calls,1784
1783,Calls,1780
1784,Calls,1779
1785,Calls,1779
1786,Calls,1772
1789,Calls,1790
1808,Calls,1812
1808,Calls,1811
1809,Calls,1812
1809,Calls,1811
1810,Calls,1811
1814,Calls,1813
1816,Calls,1813
1816,Calls,1815
1816,Calls,1819
1817,Calls,1819
1818,Calls,1819
1821,Calls,1820
1821,Calls,1828
1821,Calls,1822
1821,Calls,1828
1823,Calls,1824
1823,Calls,1820
1823,Calls,1828
1823,Calls,1827
1823,Calls,1822
1823,Calls,1828
1825,Calls,1824
1825,Calls,1820
1825,Calls,1828
1825,Calls,1827
1825,Calls,1822
1825,Calls,1828
1826,Calls,1827
1826,Calls,1822
1826,Calls,1828
1831,Calls,1830
1831,Calls,1834
1832,Calls,1830
1832,Calls,1834
1833,Calls,1834
1836,Calls,1839
1837,Calls,1839
1838,Calls,1839
1841,Calls,1844
1842,Calls,1844
1843,Calls,1844
1847,Calls,1846
1847,Calls,1850
1848,Calls,1846
1848,Calls,1850
1849,Calls,1850
1855,Calls,1856
1857,Calls,1856
1861,Calls,1862
1885,Calls,1886
1890,Calls,1891
1896,Calls,1863
1897,Calls,1864
1916,Calls,1917
1919,Calls,1854
1920,Calls,1855
1921,Calls,1857
1922,Calls,1858
1923,Calls,1860
1924,Calls,1859
1925,Calls,1861
299,Uses,2
300,Uses,3
303,Uses,4
306,Uses,4
310,Uses,4
321,Uses,90
321,Uses,116
321,Uses,221
321,Uses,246
323,Uses,7
323,Uses,256
324,Uses,7
325,Uses,7
326,Uses,219
327,Uses,219
327,Uses,7
328,Uses,7
329,Uses,8
330,Uses,8
331,Uses,8
332,Uses,8
333,Uses,8
334,Uses,8
335,Uses,8
336,Uses,256
337,Uses,256
339,Uses,8
340,Uses,8
341,Uses,8
342,Uses,8
343,Uses,8
344,Uses,8
345,Uses,8
346,Uses,8
347,Uses,8
347,Uses,246
348,Uses,8
349,Uses,8
350,Uses,27
351,Uses,26
352,Uses,27
352,Uses,26
353,Uses,26
354,Uses,30
356,Uses,26
356,Uses,219
358,Uses,31
359,Uses,31
360,Uses,31
363,Uses,31
364,Uses,27
365,Uses,27
366,Uses,27
369,Uses,27
370,Uses,27
370,Uses,28
370,Uses,30
370,Uses,89
370,Uses,29
370,Uses,219
372,Uses,14
372,Uses,19
373,Uses,14
373,Uses,21
373,Uses,16
373,Uses,27
373,Uses,15
373,Uses,13
373,Uses,20
374,Uses,21
374,Uses,27
374,Uses,13
374,Uses,29
374,Uses,28
375,Uses,12
375,Uses,18
375,Uses,17
377,Uses,30
378,Uses,30
379,Uses,30
382,Uses,30
384,Uses,228
385,Uses,229
386,Uses,225
387,Uses,227
388,Uses,226
390,Uses,246
392,Uses,246
400,Uses,240
401,Uses,240
402,Uses,240
403,Uses,242
404,Uses,240
405,Uses,234
408,Uses,237
409,Uses,245
411,Uses,240
412,Uses,245
414,Uses,236
415,Uses,234
418,Uses,236
422,Uses,220
426,Uses,237
428,Uses,239
429,Uses,238
443,Uses,240
444,Uses,240
445,Uses,240
446,Uses,240
447,Uses,240
448,Uses,240
451,Uses,240
452,Uses,228
454,Uses,222
455,Uses,246
457,Uses,240
475,Uses,89
476,Uses,89
479,Uses,44
480,Uses,256
480,Uses,107
481,Uses,44
481,Uses,89
482,Uses,50
485,Uses,115
485,Uses,44
488,Uses,107
490,Uses,121
491,Uses,121
492,Uses,121
493,Uses,121
493,Uses,100
494,Uses,121
494,Uses,100
495,Uses,117
495,Uses,77
496,Uses,77
496,Uses,117
497,Uses,117
497,Uses,78
498,Uses,117
499,Uses,117
500,Uses,117
501,Uses,117
501,Uses,109
501,Uses,84
501,Uses,86
501,Uses,112
501,Uses,92
504,Uses,117
504,Uses,77
505,Uses,109
505,Uses,84
505,Uses,86
505,Uses,112
505,Uses,92
506,Uses,117
507,Uses,117
508,Uses,117
510,Uses,117
511,Uses,117
513,Uses,117
513,Uses,77
514,Uses,117
514,Uses,77
518,Uses,117
519,Uses,117
520,Uses,117
521,Uses,77
522,Uses,117
522,Uses,89
522,Uses,84
523,Uses,117
524,Uses,89
525,Uses,117
525,Uses,89
526,Uses,246
526,Uses,117
527,Uses,84
528,Uses,117
528,Uses,77
529,Uses,117
530,Uses,117
532,Uses,117
533,Uses,60
534,Uses,60
535,Uses,60
535,Uses,117
536,Uses,117
537,Uses,117
538,Uses,117
539,Uses,42
540,Uses,42
540,Uses,117
541,Uses,42
543,Uses,91
543,Uses,219
544,Uses,91
544,Uses,219
545,Uses,91
545,Uses,219
546,Uses,91
548,Uses,91
549,Uses,115
550,Uses,107
552,Uses,89
552,Uses,256
552,Uses,107
553,Uses,107
554,Uses,115
555,Uses,115
555,Uses,246
556,Uses,115
556,Uses,107
556,Uses,257
558,Uses,115
561,Uses,107
563,Uses,115
563,Uses,256
564,Uses,115
564,Uses,256
564,Uses,89
564,Uses,107
565,Uses,246
565,Uses,89
566,Uses,246
566,Uses,89
566,Uses,107
567,Uses,115
567,Uses,63
567,Uses,246
567,Uses,65
568,Uses,65
569,Uses,66
569,Uses,90
569,Uses,67
570,Uses,116
571,Uses,116
572,Uses,116
573,Uses,67
574,Uses,67
574,Uses,68
575,Uses,116
575,Uses,90
576,Uses,90
576,Uses,89
576,Uses,115
576,Uses,228
577,Uses,116
577,Uses,89
577,Uses,115
577,Uses,246
577,Uses,228
578,Uses,115
578,Uses,89
578,Uses,228
579,Uses,89
579,Uses,115
579,Uses,229
580,Uses,116
580,Uses,115
580,Uses,89
581,Uses,116
581,Uses,115
581,Uses,89
582,Uses,67
583,Uses,67
583,Uses,68
583,Uses,69
584,Uses,84
585,Uses,246
586,Uses,89
586,Uses,228
589,Uses,89
589,Uses,246
589,Uses,256
589,Uses,107
590,Uses,89
590,Uses,256
590,Uses,246
591,Uses,115
592,Uses,89
592,Uses,246
592,Uses,115
592,Uses,256
592,Uses,107
593,Uses,246
597,Uses,100
597,Uses,239
597,Uses,121
599,Uses,238
599,Uses,246
599,Uses,117
600,Uses,246
600,Uses,89
603,Uses,117
605,Uses,117
606,Uses,117
607,Uses,117
608,Uses,117
608,Uses,240
609,Uses,240
610,Uses,240
611,Uses,240
612,Uses,240
613,Uses,110
613,Uses,89
613,Uses,87
614,Uses,110
614,Uses,89
614,Uses,87
615,Uses,225
615,Uses,128
615,Uses,256
615,Uses,110
615,Uses,89
615,Uses,87
616,Uses,227
616,Uses,128
616,Uses,256
616,Uses,110
616,Uses,89
616,Uses,87
617,Uses,226
617,Uses,128
617,Uses,256
618,Uses,110
618,Uses,246
618,Uses,87
620,Uses,118
620,Uses,240
621,Uses,97
621,Uses,242
622,Uses,240
624,Uses,234
624,Uses,89
625,Uses,89
625,Uses,234
626,Uses,234
626,Uses,111
629,Uses,237
629,Uses,117
630,Uses,91
630,Uses,245
631,Uses,91
631,Uses,245
632,Uses,89
634,Uses,89
634,Uses,236
636,Uses,89
636,Uses,236
637,Uses,89
637,Uses,248
637,Uses,117
638,Uses,248
639,Uses,89
640,Uses,117
641,Uses,111
642,Uses,107
643,Uses,117
643,Uses,237
644,Uses,84
644,Uses,117
647,Uses,100
648,Uses,220
648,Uses,100
652,Uses,89
653,Uses,89
654,Uses,117
655,Uses,117
659,Uses,117
659,Uses,84
663,Uses,58
664,Uses,240
665,Uses,240
666,Uses,240
667,Uses,240
668,Uses,240
669,Uses,228
669,Uses,128
669,Uses,256
670,Uses,128
671,Uses,128
672,Uses,222
672,Uses,88
673,Uses,246
673,Uses,89
675,Uses,111
676,Uses,111
676,Uses,240
677,Uses,84
679,Uses,111
679,Uses,120
680,Uses,95
686,Uses,110
687,Uses,89
687,Uses,84
688,Uses,89
689,Uses,89
692,Uses,89
693,Uses,89
693,Uses,120
694,Uses,89
694,Uses,120
696,Uses,105
699,Uses,100
700,Uses,238
700,Uses,89
700,Uses,117
701,Uses,89
702,Uses,89
703,Uses,50
704,Uses,89
704,Uses,80
705,Uses,89
707,Uses,89
708,Uses,89
709,Uses,89
709,Uses,84
710,Uses,89
710,Uses,84
710,Uses,109
710,Uses,92
711,Uses,89
712,Uses,89
713,Uses,89
714,Uses,84
714,Uses,120
714,Uses,98
714,Uses,107
716,Uses,89
716,Uses,111
716,Uses,120
717,Uses,89
718,Uses,89
718,Uses,120
718,Uses,84
719,Uses,89
719,Uses,120
719,Uses,84
719,Uses,109
719,Uses,92
720,Uses,89
721,Uses,246
721,Uses,89
722,Uses,89
722,Uses,256
722,Uses,107
723,Uses,89
724,Uses,89
725,Uses,89
725,Uses,115
726,Uses,89
727,Uses,107
728,Uses,107
729,Uses,107
730,Uses,117
730,Uses,84
731,Uses,59
731,Uses,89
731,Uses,48
731,Uses,117
731,Uses,57
732,Uses,117
732,Uses,61
732,Uses,89
733,Uses,61
733,Uses,117
733,Uses,89
734,Uses,89
736,Uses,89
737,Uses,117
738,Uses,89
739,Uses,89
740,Uses,89
740,Uses,84
740,Uses,109
740,Uses,92
741,Uses,95
742,Uses,95
743,Uses,89
744,Uses,117
745,Uses,111
746,Uses,89
747,Uses,89
747,Uses,50
747,Uses,40
747,Uses,62
747,Uses,246
748,Uses,50
748,Uses,89
749,Uses,117
750,Uses,115
750,Uses,117
750,Uses,62
750,Uses,89
751,Uses,93
752,Uses,95
753,Uses,117
753,Uses,84
754,Uses,107
754,Uses,246
754,Uses,228
755,Uses,89
755,Uses,256
756,Uses,256
756,Uses,89
757,Uses,256
758,Uses,256
758,Uses,89
759,Uses,89
759,Uses,256
760,Uses,89
760,Uses,256
761,Uses,256
762,Uses,89
762,Uses,41
762,Uses,50
762,Uses,40
763,Uses,117
763,Uses,41
763,Uses,89
764,Uses,89
764,Uses,117
765,Uses,120
765,Uses,111
766,Uses,246
766,Uses,257
766,Uses,89
767,Uses,90
768,Uses,90
769,Uses,90
772,Uses,90
772,Uses,246
772,Uses,116
773,Uses,90
774,Uses,116
775,Uses,90
776,Uses,85
777,Uses,85
778,Uses,90
779,Uses,90
780,Uses,90
780,Uses,85
781,Uses,116
782,Uses,110
782,Uses,87
783,Uses,110
783,Uses,87
784,Uses,110
785,Uses,110
787,Uses,246
787,Uses,87
788,Uses,87
789,Uses,246
789,Uses,110
790,Uses,246
791,Uses,246
793,Uses,110
794,Uses,89
794,Uses,98
795,Uses,98
795,Uses,89
796,Uses,79
796,Uses,98
797,Uses,98
798,Uses,98
799,Uses,98
800,Uses,98
800,Uses,246
800,Uses,256
801,Uses,98
802,Uses,84
802,Uses,117
802,Uses,78
803,Uses,84
803,Uses,89
804,Uses,89
805,Uses,89
805,Uses,117
806,Uses,89
806,Uses,246
806,Uses,117
807,Uses,89
808,Uses,50
809,Uses,89
810,Uses,95
810,Uses,89
810,Uses,256
813,Uses,97
814,Uses,97
815,Uses,97
815,Uses,256
815,Uses,73
816,Uses,73
818,Uses,97
820,Uses,97
821,Uses,97
822,Uses,97
823,Uses,97
824,Uses,86
824,Uses,109
824,Uses,112
825,Uses,86
825,Uses,121
827,Uses,105
828,Uses,105
829,Uses,105
830,Uses,105
832,Uses,105
833,Uses,113
834,Uses,113
835,Uses,113
840,Uses,113
841,Uses,113
842,Uses,101
843,Uses,106
844,Uses,106
845,Uses,106
845,Uses,256
847,Uses,256
847,Uses,106
848,Uses,106
849,Uses,82
850,Uses,82
851,Uses,88
852,Uses,102
853,Uses,102
854,Uses,55
854,Uses,53
854,Uses,77
855,Uses,53
855,Uses,117
856,Uses,77
856,Uses,117
857,Uses,55
857,Uses,53
858,Uses,53
858,Uses,55
858,Uses,117
859,Uses,55
859,Uses,89
859,Uses,98
860,Uses,98
861,Uses,55
862,Uses,55
863,Uses,89
863,Uses,117
863,Uses,93
864,Uses,89
864,Uses,84
864,Uses,117
865,Uses,89
866,Uses,77
867,Uses,117
868,Uses,102
868,Uses,98
869,Uses,228
870,Uses,228
870,Uses,102
871,Uses,228
871,Uses,102
872,Uses,110
872,Uses,102
872,Uses,87
872,Uses,89
873,Uses,98
875,Uses,256
875,Uses,102
875,Uses,98
875,Uses,89
876,Uses,98
876,Uses,89
877,Uses,102
879,Uses,56
879,Uses,256
879,Uses,54
879,Uses,98
880,Uses,55
881,Uses,55
881,Uses,115
881,Uses,89
881,Uses,98
882,Uses,55
882,Uses,89
883,Uses,107
884,Uses,84
885,Uses,54
887,Uses,74
888,Uses,100
888,Uses,256
889,Uses,100
890,Uses,100
890,Uses,256
891,Uses,100
892,Uses,100
892,Uses,256
892,Uses,105
893,Uses,100
894,Uses,121
896,Uses,100
897,Uses,100
898,Uses,100
904,Uses,109
906,Uses,81
906,Uses,256
907,Uses,240
908,Uses,240
909,Uses,241
909,Uses,240
910,Uses,240
910,Uses,241
912,Uses,241
912,Uses,240
913,Uses,240
914,Uses,240
915,Uses,240
916,Uses,240
917,Uses,240
918,Uses,118
919,Uses,118
919,Uses,101
920,Uses,240
921,Uses,240
922,Uses,240
924,Uses,240
925,Uses,73
926,Uses,101
928,Uses,118
929,Uses,244
929,Uses,240
930,Uses,240
931,Uses,240
932,Uses,118
932,Uses,58
932,Uses,101
933,Uses,58
934,Uses,58
934,Uses,118
934,Uses,256
936,Uses,101
937,Uses,118
938,Uses,101
939,Uses,101
940,Uses,103
940,Uses,47
940,Uses,48
941,Uses,256
941,Uses,243
941,Uses,119
942,Uses,243
942,Uses,119
943,Uses,49
944,Uses,103
944,Uses,228
945,Uses,119
947,Uses,256
948,Uses,48
949,Uses,111
950,Uses,111
951,Uses,111
951,Uses,219
955,Uses,111
955,Uses,256
956,Uses,112
958,Uses,114
959,Uses,114
960,Uses,94
962,Uses,93
963,Uses,93
964,Uses,93
965,Uses,92
966,Uses,109
966,Uses,92
968,Uses,102
969,Uses,102
970,Uses,102
971,Uses,91
972,Uses,91
973,Uses,91
974,Uses,91
976,Uses,91
977,Uses,91
978,Uses,91
979,Uses,91
980,Uses,89
981,Uses,89
982,Uses,89
983,Uses,89
986,Uses,89
987,Uses,89
988,Uses,120
989,Uses,89
990,Uses,89
990,Uses,246
991,Uses,78
993,Uses,89
993,Uses,117
994,Uses,89
995,Uses,89
995,Uses,246
996,Uses,89
996,Uses,84
997,Uses,89
998,Uses,89
999,Uses,246
999,Uses,89
1000,Uses,89
1001,Uses,51
1001,Uses,120
1002,Uses,120
1003,Uses,120
1004,Uses,89
1004,Uses,246
1005,Uses,89
1005,Uses,80
1006,Uses,89
1006,Uses,80
1007,Uses,45
1007,Uses,84
1008,Uses,84
1008,Uses,109
1008,Uses,92
1009,Uses,84
1010,Uses,246
1010,Uses,117
1011,Uses,89
1012,Uses,89
1013,Uses,89
1014,Uses,89
1015,Uses,89
1016,Uses,89
1016,Uses,219
1017,Uses,89
1017,Uses,219
1018,Uses,219
1019,Uses,89
1020,Uses,89
1021,Uses,89
1021,Uses,219
1022,Uses,89
1023,Uses,89
1024,Uses,89
1025,Uses,89
1026,Uses,89
1027,Uses,89
1028,Uses,96
1029,Uses,89
1030,Uses,96
1031,Uses,89
1031,Uses,93
1032,Uses,89
1033,Uses,89
1034,Uses,59
1035,Uses,61
1036,Uses,61
1038,Uses,89
1038,Uses,107
1039,Uses,89
1039,Uses,246
1039,Uses,107
1045,Uses,83
1045,Uses,89
1045,Uses,246
1046,Uses,89
1046,Uses,105
1047,Uses,246
1050,Uses,89
1050,Uses,246
1051,Uses,89
1052,Uses,89
1053,Uses,89
1053,Uses,117
1057,Uses,83
1057,Uses,89
1057,Uses,117
1058,Uses,83
1061,Uses,219
1064,Uses,246
1064,Uses,89
1065,Uses,83
1067,Uses,86
1068,Uses,86
1069,Uses,86
1072,Uses,86
1073,Uses,86
1074,Uses,86
1075,Uses,121
1075,Uses,86
1076,Uses,86
1077,Uses,112
1078,Uses,246
1079,Uses,100
1079,Uses,74
1080,Uses,74
1080,Uses,100
1081,Uses,108
1082,Uses,108
1083,Uses,114
1083,Uses,219
1084,Uses,114
1084,Uses,219
1085,Uses,114
1085,Uses,219
1086,Uses,114
1086,Uses,219
1087,Uses,219
1088,Uses,219
1089,Uses,114
1089,Uses,219
1090,Uses,114
1091,Uses,114
1091,Uses,219
1092,Uses,100
1092,Uses,76
1093,Uses,76
1093,Uses,100
1094,Uses,76
1094,Uses,100
1095,Uses,100
1095,Uses,76
1095,Uses,219
1096,Uses,246
1096,Uses,100
1096,Uses,105
1097,Uses,246
1097,Uses,100
1098,Uses,100
1099,Uses,100
1101,Uses,100
1102,Uses,100
1103,Uses,100
1103,Uses,74
1104,Uses,74
1105,Uses,94
1106,Uses,246
1107,Uses,76
1107,Uses,100
1108,Uses,74
1108,Uses,100
1110,Uses,100
1111,Uses,100
1112,Uses,100
1113,Uses,100
1116,Uses,121
1117,Uses,121
1118,Uses,121
1119,Uses,121
1120,Uses,121
1121,Uses,86
1123,Uses,111
1124,Uses,111
1125,Uses,111
1126,Uses,111
1126,Uses,246
1127,Uses,246
1128,Uses,111
1128,Uses,246
1129,Uses,111
1130,Uses,111
1131,Uses,111
1132,Uses,111
1133,Uses,111
1133,Uses,246
1135,Uses,121
1135,Uses,94
1136,Uses,94
1137,Uses,100
1137,Uses,74
1138,Uses,74
1138,Uses,100
1139,Uses,46
1139,Uses,111
1139,Uses,120
1140,Uses,118
1141,Uses,118
1141,Uses,75
1142,Uses,240
1144,Uses,240
1145,Uses,240
1146,Uses,240
1148,Uses,73
1149,Uses,244
1149,Uses,240
1150,Uses,118
1151,Uses,118
1152,Uses,118
1153,Uses,118
1154,Uses,118
1155,Uses,118
1155,Uses,43
1155,Uses,101
1155,Uses,246
1156,Uses,43
1156,Uses,118
1157,Uses,118
1160,Uses,219
1161,Uses,219
1163,Uses,58
1164,Uses,58
1165,Uses,58
1166,Uses,104
1167,Uses,104
1168,Uses,111
1169,Uses,110
1170,Uses,110
1171,Uses,110
1172,Uses,110
1173,Uses,110
1174,Uses,110
1175,Uses,110
1176,Uses,110
1177,Uses,110
1178,Uses,246
1178,Uses,110
1179,Uses,246
1180,Uses,110
1180,Uses,246
1181,Uses,110
1182,Uses,110
1183,Uses,110
1184,Uses,110
1184,Uses,246
1185,Uses,87
1192,Uses,256
1197,Uses,109
1198,Uses,109
1199,Uses,109
1202,Uses,109
1203,Uses,109
1204,Uses,246
1205,Uses,92
1205,Uses,109
1206,Uses,121
1206,Uses,112
1207,Uses,112
1208,Uses,109
1209,Uses,109
1210,Uses,105
1211,Uses,105
1212,Uses,105
1215,Uses,105
1216,Uses,105
1217,Uses,105
1218,Uses,105
1219,Uses,105
1221,Uses,105
1224,Uses,119
1225,Uses,119
1226,Uses,119
1229,Uses,119
1230,Uses,119
1231,Uses,119
1232,Uses,88
1233,Uses,88
1234,Uses,88
1235,Uses,103
1235,Uses,47
1236,Uses,103
1236,Uses,49
1237,Uses,103
1240,Uses,103
1240,Uses,246
1240,Uses,222
1242,Uses,103
1243,Uses,103
1244,Uses,103
1247,Uses,103
1248,Uses,103
1249,Uses,103
1251,Uses,113
1254,Uses,113
1255,Uses,219
1256,Uses,219
1257,Uses,113
1258,Uses,77
1258,Uses,246
1259,Uses,77
1260,Uses,77
1261,Uses,219
1262,Uses,117
1263,Uses,117
1264,Uses,117
1265,Uses,117
1266,Uses,78
1267,Uses,77
1267,Uses,246
1268,Uses,117
1268,Uses,42
1268,Uses,246
1269,Uses,42
1270,Uses,117
1271,Uses,77
1271,Uses,89
1272,Uses,117
1273,Uses,89
1274,Uses,117
1275,Uses,117
1276,Uses,77
1277,Uses,89
1278,Uses,117
1278,Uses,60
1278,Uses,246
1279,Uses,60
1280,Uses,97
1281,Uses,97
1282,Uses,97
1283,Uses,97
1284,Uses,97
1285,Uses,97
1286,Uses,97
1286,Uses,246
1287,Uses,97
1288,Uses,97
1289,Uses,73
1290,Uses,73
1291,Uses,73
1292,Uses,97
1293,Uses,73
1295,Uses,240
1295,Uses,97
1296,Uses,97
1296,Uses,219
1297,Uses,102
1297,Uses,219
1298,Uses,102
1298,Uses,55
1298,Uses,219
1299,Uses,219
1300,Uses,102
1300,Uses,55
1300,Uses,219
1301,Uses,219
1302,Uses,102
1302,Uses,55
1302,Uses,219
1303,Uses,102
1303,Uses,55
1303,Uses,219
1304,Uses,228
1304,Uses,102
1304,Uses,219
1305,Uses,102
1305,Uses,219
1306,Uses,102
1307,Uses,102
1308,Uses,102
1309,Uses,102
1310,Uses,102
1310,Uses,55
1310,Uses,219
1311,Uses,246
1311,Uses,98
1312,Uses,98
1313,Uses,98
1313,Uses,246
1314,Uses,102
1314,Uses,56
1315,Uses,55
1316,Uses,54
1317,Uses,93
1318,Uses,93
1319,Uses,93
1321,Uses,93
1322,Uses,93
1323,Uses,93
1323,Uses,246
1324,Uses,93
1325,Uses,93
1326,Uses,93
1327,Uses,89
1330,Uses,256
1330,Uses,7
1331,Uses,96
1332,Uses,96
1333,Uses,96
1334,Uses,96
1335,Uses,96
1336,Uses,96
1337,Uses,96
1338,Uses,96
1338,Uses,246
1339,Uses,96
1340,Uses,87
1341,Uses,87
1342,Uses,87
1343,Uses,87
1344,Uses,87
1345,Uses,87
1346,Uses,87
1346,Uses,246
1347,Uses,82
1347,Uses,246
1348,Uses,87
1348,Uses,246
1349,Uses,82
1350,Uses,81
1350,Uses,219
1351,Uses,115
1352,Uses,115
1353,Uses,115
1353,Uses,219
1355,Uses,115
1355,Uses,219
1356,Uses,246
1356,Uses,115
1357,Uses,246
1357,Uses,115
1358,Uses,115
1358,Uses,246
1359,Uses,115
1360,Uses,90
1361,Uses,90
1362,Uses,90
1364,Uses,246
1364,Uses,115
1366,Uses,89
1367,Uses,246
1368,Uses,115
1368,Uses,219
1369,Uses,115
1369,Uses,246
1370,Uses,115
1370,Uses,246
1371,Uses,89
1371,Uses,44
1371,Uses,246
1372,Uses,246
1372,Uses,44
1373,Uses,107
1374,Uses,115
1374,Uses,246
1374,Uses,89
1375,Uses,107
1376,Uses,246
1379,Uses,115
1379,Uses,246
1379,Uses,89
1382,Uses,65
1383,Uses,66
1384,Uses,116
1385,Uses,116
1386,Uses,115
1387,Uses,67
1388,Uses,116
1389,Uses,116
1390,Uses,116
1392,Uses,63
1393,Uses,67
1394,Uses,117
1395,Uses,44
1395,Uses,246
1395,Uses,115
1396,Uses,246
1396,Uses,115
1396,Uses,107
1396,Uses,89
1397,Uses,89
1398,Uses,246
1398,Uses,115
1399,Uses,89
1400,Uses,99
1401,Uses,219
1402,Uses,99
1403,Uses,99
1406,Uses,99
1407,Uses,99
1408,Uses,99
1409,Uses,219
1410,Uses,219
1411,Uses,39
1411,Uses,246
1412,Uses,39
1412,Uses,246
1413,Uses,106
1414,Uses,106
1415,Uses,106
1418,Uses,106
1419,Uses,101
1420,Uses,101
1421,Uses,101
1422,Uses,101
1423,Uses,101
1424,Uses,101
1426,Uses,79
1426,Uses,98
1426,Uses,89
1427,Uses,79
1427,Uses,98
1427,Uses,89
1428,Uses,89
1429,Uses,89
1430,Uses,89
1430,Uses,98
1431,Uses,89
1432,Uses,89
1433,Uses,89
1434,Uses,89
1434,Uses,117
1435,Uses,89
1436,Uses,102
1437,Uses,89
1437,Uses,117
1438,Uses,128
1439,Uses,128
1439,Uses,127
1442,Uses,228
1443,Uses,228
1443,Uses,89
1444,Uses,228
1444,Uses,89
1446,Uses,89
1447,Uses,89
1449,Uses,127
1450,Uses,256
1450,Uses,228
1451,Uses,228
1452,Uses,110
1452,Uses,89
1452,Uses,87
1453,Uses,228
1454,Uses,228
1455,Uses,228
1456,Uses,228
1459,Uses,127
1460,Uses,127
1461,Uses,127
1464,Uses,127
1465,Uses,127
1466,Uses,127
1467,Uses,128
1468,Uses,128
1469,Uses,128
1472,Uses,128
1473,Uses,128
1474,Uses,128
1475,Uses,126
1475,Uses,128
1475,Uses,228
1489,Uses,240
1490,Uses,240
1496,Uses,238
1497,Uses,238
1498,Uses,134
1499,Uses,134
1500,Uses,134
1501,Uses,134
1502,Uses,133
1503,Uses,134
1503,Uses,133
1504,Uses,134
1505,Uses,256
1505,Uses,134
1506,Uses,156
1507,Uses,156
1509,Uses,133
1510,Uses,133
1511,Uses,133
1513,Uses,133
1514,Uses,133
1515,Uses,134
1516,Uses,134
1520,Uses,134
1521,Uses,133
1524,Uses,133
1525,Uses,132
1526,Uses,132
1527,Uses,132
1528,Uses,132
1529,Uses,132
1530,Uses,132
1531,Uses,132
1532,Uses,132
1533,Uses,132
1534,Uses,132
1535,Uses,132
1536,Uses,132
1537,Uses,132
1539,Uses,156
1540,Uses,134
1540,Uses,133
1540,Uses,132
1542,Uses,133
1542,Uses,132
1543,Uses,133
1543,Uses,132
1544,Uses,132
1545,Uses,132
1546,Uses,132
1547,Uses,132
1548,Uses,132
1549,Uses,134
1549,Uses,256
1549,Uses,130
1551,Uses,134
1551,Uses,256
1553,Uses,257
1556,Uses,136
1557,Uses,136
1558,Uses,136
1559,Uses,136
1562,Uses,138
1562,Uses,140
1562,Uses,137
1563,Uses,139
1563,Uses,140
1563,Uses,137
1566,Uses,137
1566,Uses,140
1567,Uses,137
1568,Uses,137
1569,Uses,140
1571,Uses,137
1574,Uses,140
1574,Uses,137
1575,Uses,137
1576,Uses,137
1577,Uses,137
1578,Uses,137
1579,Uses,137
1579,Uses,138
1579,Uses,140
1580,Uses,137
1580,Uses,138
1581,Uses,137
1581,Uses,140
1582,Uses,137
1582,Uses,257
1584,Uses,137
1587,Uses,140
1588,Uses,140
1589,Uses,140
1590,Uses,140
1591,Uses,140
1592,Uses,139
1595,Uses,138
1596,Uses,138
1600,Uses,137
1605,Uses,219
1606,Uses,219
1607,Uses,219
1609,Uses,219
1610,Uses,219
1611,Uses,219
1612,Uses,219
1613,Uses,144
1613,Uses,248
1613,Uses,219
1617,Uses,240
1618,Uses,240
1621,Uses,219
1643,Uses,219
1644,Uses,219
1645,Uses,219
1647,Uses,219
1648,Uses,219
1649,Uses,219
1650,Uses,219
1651,Uses,144
1651,Uses,248
1651,Uses,219
1669,Uses,157
1670,Uses,157
1671,Uses,161
1672,Uses,161
1675,Uses,155
1676,Uses,155
1677,Uses,156
1678,Uses,156
1679,Uses,158
1680,Uses,158
1687,Uses,154
1688,Uses,154
1689,Uses,159
1690,Uses,159
1691,Uses,160
1692,Uses,160
1693,Uses,240
1694,Uses,162
1695,Uses,246
1696,Uses,246
1697,Uses,246
1704,Uses,246
1707,Uses,246
1710,Uses,246
1714,Uses,219
1714,Uses,240
1716,Uses,240
1717,Uses,240
1722,Uses,221
1722,Uses,246
1725,Uses,219
1727,Uses,239
1727,Uses,238
1774,Uses,260
1775,Uses,260
1775,Uses,258
1776,Uses,260
1793,Uses,262
1794,Uses,262
1803,Uses,263
1804,Uses,263
1854,Uses,288
1855,Uses,288
1855,Uses,284
1857,Uses,288
1857,Uses,284
1858,Uses,288
1859,Uses,288
1860,Uses,288
1861,Uses,286
1861,Uses,288
1862,Uses,286
1863,Uses,283
1863,Uses,284
1864,Uses,283
1866,Uses,270
1884,Uses,288
1884,Uses,287
1885,Uses,288
1885,Uses,287
1885,Uses,284
1888,Uses,284
1889,Uses,284
1890,Uses,284
1891,Uses,289
1892,Uses,284
1893,Uses,284
1894,Uses,288
1894,Uses,285
1895,Uses,288
1895,Uses,285
1903,Uses,284
1904,Uses,286
1905,Uses,286
1906,Uses,286
1907,Uses,286
1908,Uses,286
1909,Uses,284
1909,Uses,298
1909,Uses,288
1910,Uses,288
1911,Uses,287
1912,Uses,287
1913,Uses,287
1914,Uses,287
1914,Uses,288
1916,Uses,284
1916,Uses,298
1917,Uses,284
1917,Uses,286
1918,Uses,286
1920,Uses,288
1921,Uses,288
1925,Uses,286
1926,Uses,288
1928,Uses,298
1929,Uses,269
1930,Uses,286
7,Extends,251
12,References,18
12,References,17
14,References,12
14,References,19
14,References,21
14,References,16
16,References,15
21,References,13
21,References,20
43,References,101
47,References,49
52,References,52
53,References,53
56,References,54
56,References,54
58,References,101
59,References,48
59,References,57
63,References,115
63,References,65
66,References,64
66,References,67
73,References,73
74,References,74
76,References,76
77,References,77
78,References,78
127,Extends,251
128,Extends,251
137,References,140
139,References,140
139,Extends,138
221,References,246
225,Extends,226
227,Extends,225
229,Extends,228
230,References,240
235,References,235
241,Extends,240
255,Extends,256
272,Extends,271
273,Extends,271
274,Extends,271
275,Extends,271
276,Extends,271
277,Extends,271
278,Extends,271
279,Extends,271
280,Extends,271
292,References,292
293,References,293
294,References,294
295,References,295
296,References,296
297,References,297
